column-date,column-time_part,column-price_eur,column-price,column-volume
2025-01-20,01,122.44,239.47,3449.9
2025-01-20,02,119.76,234.23,3303.8
2025-01-20,03,116.60,228.05,3251.4
2025-01-20,04,114.41,223.77,3320.0
2025-01-20,05,115.45,225.80,3409.9
2025-01-20,06,129.57,253.42,3537.0
2025-01-20,07,166.11,324.88,3579.1
2025-01-20,08,296.08,579.08,4091.3
2025-01-20,09,445.00,870.34,4547.1
2025-01-20,10,291.80,570.71,4776.6
2025-01-20,11,236.29,462.14,4794.1
2025-01-20,12,191.48,374.50,4711.5
2025-01-20,13,178.49,349.10,4692.3
2025-01-20,14,171.39,335.21,4487.4
2025-01-20,15,191.83,375.19,4152.9
2025-01-20,16,276.81,541.39,3763.3
2025-01-20,17,442.13,864.73,4248.3
2025-01-20,18,603.30,"1 179,95",4339.9
2025-01-20,19,473.28,925.66,4214.7
2025-01-20,20,295.57,578.08,4126.6
2025-01-20,21,220.00,430.28,3666.5
2025-01-20,22,170.00,332.49,3435.1
2025-01-20,23,158.18,309.37,3401.1
2025-01-20,24,141.99,277.71,3224.8
2025-01-21,01,138.01,269.92,3101.1
2025-01-21,02,132.03,258.23,3177.1
2025-01-21,03,125.69,245.83,3185.2
2025-01-21,04,127.98,250.31,3178.9
2025-01-21,05,137.66,269.24,3396.9
2025-01-21,06,160.57,314.05,3528.1
2025-01-21,07,205.19,401.32,3742.1
2025-01-21,08,317.17,620.33,3908.9
2025-01-21,09,419.10,819.69,4052.5
2025-01-21,10,278.94,545.56,4101.6
2025-01-21,11,244.81,478.81,4170.5
2025-01-21,12,212.13,414.89,4218.1
2025-01-21,13,210.00,410.72,4320.6
2025-01-21,14,190.42,372.43,4272.1
2025-01-21,15,216.28,423.01,3785.1
2025-01-21,16,296.09,579.10,3575.9
2025-01-21,17,234.60,458.84,3539.3
2025-01-21,18,324.51,634.69,3727.9
2025-01-21,19,262.02,512.47,3751.0
2025-01-21,20,205.98,402.86,3464.5
2025-01-21,21,178.15,348.43,3186.6
2025-01-21,22,157.15,307.36,3078.0
2025-01-21,23,143.49,280.64,3180.1
2025-01-21,24,135.88,265.76,3148.2
2025-01-22,01,131.15,256.51,3079.5
2025-01-22,02,125.75,245.95,3038.9
2025-01-22,03,123.93,242.39,3067.6
2025-01-22,04,124.01,242.54,3121.9
2025-01-22,05,125.84,246.12,3117.9
2025-01-22,06,141.64,277.02,3622.3
2025-01-22,07,205.36,401.65,3262.6
2025-01-22,08,335.72,656.61,3879.2
2025-01-22,09,252.60,494.04,4643.0
2025-01-22,10,199.41,390.01,4631.7
2025-01-22,11,179.06,350.21,4738.5
2025-01-22,12,130.02,254.30,4649.8
2025-01-22,13,116.48,227.82,4655.2
2025-01-22,14,147.91,289.29,4801.6
2025-01-22,15,180.00,352.05,4392.3
2025-01-22,16,199.35,389.89,3933.6
2025-01-22,17,260.93,510.33,3493.8
2025-01-22,18,274.66,537.19,3637.9
2025-01-22,19,220.29,430.85,3441.8
2025-01-22,20,212.53,415.67,3192.0
2025-01-22,21,217.21,424.83,3064.5
2025-01-22,22,166.43,325.51,3101.5
2025-01-22,23,150.92,295.17,3241.5
2025-01-22,24,140.00,273.82,3084.8
2025-01-23,01,128.65,251.62,3094.0
2025-01-23,02,123.55,241.64,3138.2
2025-01-23,03,110.35,215.83,3321.5
2025-01-23,04,109.05,213.28,3228.3
2025-01-23,05,115.28,225.47,3374.5
2025-01-23,06,126.84,248.08,3166.3
2025-01-23,07,179.91,351.87,3225.3
2025-01-23,08,207.89,406.60,3449.7
2025-01-23,09,177.82,347.79,4457.6
2025-01-23,10,167.75,328.09,4420.9
2025-01-23,11,137.00,267.95,4709.1
2025-01-23,12,97.61,190.91,4483.8
2025-01-23,13,95.27,186.33,4534.6
2025-01-23,14,110.35,215.83,4643.6
2025-01-23,15,164.21,321.17,4423.7
2025-01-23,16,192.30,376.11,4001.4
2025-01-23,17,217.58,425.55,3968.8
2025-01-23,18,220.59,431.44,4145.5
2025-01-23,19,205.16,401.26,3969.0
2025-01-23,20,196.21,383.75,3750.7
2025-01-23,21,207.20,405.25,3507.0
2025-01-23,22,163.79,320.35,3705.2
2025-01-23,23,160.56,314.03,3354.4
2025-01-23,24,133.78,261.65,3122.9
2025-01-24,01,122.59,239.77,3093.7
2025-01-24,02,110.34,215.81,3094.2
2025-01-24,03,104.35,204.09,3399.6
2025-01-24,04,103.10,201.65,3319.1
2025-01-24,05,109.51,214.18,3105.2
2025-01-24,06,136.50,266.97,3451.7
2025-01-24,07,173.65,339.63,3589.0
2025-01-24,08,189.12,369.89,3784.8
2025-01-24,09,169.00,330.54,4271.8
2025-01-24,10,151.20,295.72,4144.8
2025-01-24,11,143.54,280.74,4241.0
2025-01-24,12,132.73,259.60,4320.7
2025-01-24,13,131.09,256.39,4359.6
2025-01-24,14,128.95,252.20,4179.3
2025-01-24,15,133.30,260.71,4336.4
2025-01-24,16,159.26,311.49,4155.1
2025-01-24,17,203.54,398.09,3963.7
2025-01-24,18,204.18,399.34,4158.1
2025-01-24,19,196.75,384.81,4023.6
2025-01-24,20,192.29,376.09,3766.9
2025-01-24,21,181.32,354.63,3214.3
2025-01-24,22,170.41,333.29,3481.5
2025-01-24,23,146.81,287.14,3114.1
2025-01-24,24,127.15,248.68,3764.3
2025-01-25,01,116.40,227.66,4439.1
2025-01-25,02,105.08,205.52,4574.2
2025-01-25,03,88.87,173.81,4548.0
2025-01-25,04,85.76,167.73,4638.4
2025-01-25,05,88.36,172.82,4618.7
2025-01-25,06,96.00,187.76,4562.1
2025-01-25,07,114.28,223.51,4456.8
2025-01-25,08,124.78,244.05,3843.2
2025-01-25,09,108.25,211.72,3288.5
2025-01-25,10,102.64,200.75,4287.1
2025-01-25,11,95.00,185.80,4115.5
2025-01-25,12,67.13,131.29,4158.1
2025-01-25,13,86.65,169.47,4062.3
2025-01-25,14,85.36,166.95,3599.7
2025-01-25,15,97.94,191.55,2818.6
2025-01-25,16,118.92,232.59,2982.9
2025-01-25,17,156.51,306.11,3801.1
2025-01-25,18,158.87,310.72,3683.7
2025-01-25,19,160.15,313.23,3132.8
2025-01-25,20,160.50,313.91,2975.4
2025-01-25,21,152.86,298.97,2957.0
2025-01-25,22,143.90,281.44,3041.4
2025-01-25,23,135.99,265.97,3080.8
2025-01-25,24,124.19,242.89,2997.7
2025-01-26,01,130.13,254.51,3039.0
2025-01-26,02,119.03,232.80,3483.8
2025-01-26,03,116.21,227.29,3300.3
2025-01-26,04,110.35,215.83,3366.5
2025-01-26,05,110.34,215.81,3356.8
2025-01-26,06,112.48,219.99,3516.5
2025-01-26,07,114.86,224.65,3464.8
2025-01-26,08,122.15,238.90,3096.7
2025-01-26,09,130.28,254.81,2691.9
2025-01-26,10,127.74,249.84,3511.3
2025-01-26,11,108.62,212.44,3521.6
2025-01-26,12,103.57,202.57,3597.4
2025-01-26,13,97.01,189.74,3504.4
2025-01-26,14,94.10,184.04,3227.3
2025-01-26,15,110.34,215.81,3727.6
2025-01-26,16,120.13,234.95,3758.0
2025-01-26,17,134.18,262.43,3716.0
2025-01-26,18,143.28,280.23,3876.1
2025-01-26,19,130.58,255.39,4321.1
2025-01-26,20,133.78,261.65,4194.1
2025-01-26,21,124.12,242.76,4234.0
2025-01-26,22,114.15,223.26,4504.5
2025-01-26,23,95.36,186.51,4559.2
2025-01-26,24,77.90,152.36,4518.1
2025-01-27,01,60.99,119.29,4617.5
2025-01-27,02,56.32,110.15,4704.9
2025-01-27,03,39.53,77.31,4811.0
2025-01-27,04,35.35,69.14,4900.0
2025-01-27,05,48.60,95.05,4980.0
2025-01-27,06,119.99,234.68,4480.4
2025-01-27,07,150.63,294.61,3281.3
2025-01-27,08,178.44,349.00,3503.8
2025-01-27,09,160.00,312.93,3316.9
2025-01-27,10,130.29,254.83,3626.8
2025-01-27,11,99.89,195.37,3758.3
2025-01-27,12,96.27,188.29,4319.2
2025-01-27,13,90.12,176.26,4378.1
2025-01-27,14,103.84,203.09,4027.2
2025-01-27,15,130.00,254.26,4045.3
2025-01-27,16,146.09,285.73,3426.6
2025-01-27,17,187.93,367.56,3269.2
2025-01-27,18,183.57,359.03,3181.9
2025-01-27,19,188.32,368.32,3098.2
2025-01-27,20,186.00,363.78,3075.0
2025-01-27,21,166.05,324.77,3038.8
2025-01-27,22,142.03,277.79,3179.3
2025-01-27,23,123.18,240.92,3963.8
2025-01-27,24,96.93,189.58,4171.2
2025-01-28,01,104.46,204.31,4409.2
2025-01-28,02,81.12,158.66,4611.0
2025-01-28,03,88.45,172.99,4550.3
2025-01-28,04,82.91,162.16,4456.0
2025-01-28,05,83.63,163.57,4496.1
2025-01-28,06,116.91,228.66,4308.5
2025-01-28,07,140.00,273.82,3554.1
2025-01-28,08,142.00,277.73,4033.6
2025-01-28,09,143.91,281.46,3330.7
2025-01-28,10,128.42,251.17,3887.0
2025-01-28,11,128.44,251.21,4390.6
2025-01-28,12,123.45,241.45,4584.0
2025-01-28,13,110.34,215.81,4605.3
2025-01-28,14,124.77,244.03,4648.2
2025-01-28,15,129.12,252.54,4317.5
2025-01-28,16,129.70,253.67,3438.2
2025-01-28,17,144.15,281.93,3296.2
2025-01-28,18,148.31,290.07,3394.8
2025-01-28,19,145.71,284.98,3370.3
2025-01-28,20,137.75,269.42,3451.4
2025-01-28,21,136.74,267.44,3073.6
2025-01-28,22,119.42,233.57,3479.8
2025-01-28,23,116.12,227.11,3720.3
2025-01-28,24,96.02,187.80,3756.7
2025-01-29,01,95.00,185.80,3276.3
2025-01-29,02,88.55,173.19,3656.4
2025-01-29,03,82.97,162.28,3519.7
2025-01-29,04,82.98,162.29,3459.9
2025-01-29,05,88.33,172.76,3681.1
2025-01-29,06,112.23,219.50,3210.1
2025-01-29,07,143.08,279.84,3279.4
2025-01-29,08,172.51,337.40,4008.2
2025-01-29,09,145.34,284.26,3790.0
2025-01-29,10,135.64,265.29,4039.6
2025-01-29,11,110.09,215.32,4058.9
2025-01-29,12,92.89,181.68,4393.1
2025-01-29,13,80.01,156.49,4476.8
2025-01-29,14,86.36,168.91,4247.6
2025-01-29,15,97.02,189.75,3452.3
2025-01-29,16,128.76,251.83,3337.2
2025-01-29,17,174.15,340.61,3666.8
2025-01-29,18,175.01,342.29,4078.4
2025-01-29,19,161.21,315.30,4055.8
2025-01-29,20,165.22,323.14,3676.4
2025-01-29,21,154.93,303.02,3516.9
2025-01-29,22,144.71,283.03,3338.5
2025-01-29,23,125.25,244.97,3282.2
2025-01-29,24,104.95,205.26,3184.6
2025-01-30,01,100.05,195.68,3072.8
2025-01-30,02,99.50,194.61,2980.3
2025-01-30,03,97.82,191.32,2984.0
2025-01-30,04,100.00,195.58,3137.4
2025-01-30,05,99.68,194.96,3084.5
2025-01-30,06,112.95,220.91,3388.6
2025-01-30,07,144.83,283.26,4004.0
2025-01-30,08,154.44,302.06,4112.0
2025-01-30,09,160.30,313.52,4266.8
2025-01-30,10,151.75,296.80,4028.7
2025-01-30,11,131.73,257.64,4254.2
2025-01-30,12,123.25,241.06,4311.0
2025-01-30,13,113.00,221.01,4316.3
2025-01-30,14,113.30,221.60,3938.9
2025-01-30,15,129.90,254.06,3606.9
2025-01-30,16,153.47,300.16,4100.4
2025-01-30,17,161.04,314.97,3829.9
2025-01-30,18,176.91,346.01,4166.2
2025-01-30,19,173.14,338.63,3951.9
2025-01-30,20,161.28,315.44,3161.5
2025-01-30,21,151.26,295.84,3250.2
2025-01-30,22,134.96,263.96,3587.8
2025-01-30,23,126.89,248.18,3796.7
2025-01-30,24,120.20,235.09,3407.5
2025-01-31,01,120.00,234.70,3122.8
2025-01-31,02,117.41,229.63,3047.2
2025-01-31,03,114.04,223.04,3245.7
2025-01-31,04,114.20,223.36,3047.2
2025-01-31,05,117.10,229.03,3085.0
2025-01-31,06,121.78,238.18,3135.4
2025-01-31,07,148.61,290.66,3173.1
2025-01-31,08,159.74,312.42,3401.6
2025-01-31,09,163.70,320.17,4182.6
2025-01-31,10,154.82,302.80,4650.1
2025-01-31,11,130.10,254.45,4424.3
2025-01-31,12,39.70,77.65,4326.0
2025-01-31,13,41.45,81.07,4432.0
2025-01-31,14,80.00,156.47,4287.1
2025-01-31,15,119.98,234.66,4192.4
2025-01-31,16,152.50,298.26,3300.7
2025-01-31,17,168.00,328.58,3788.7
2025-01-31,18,200.00,391.17,3555.6
2025-01-31,19,184.48,360.81,3419.0
2025-01-31,20,178.99,350.07,3796.8
2025-01-31,21,162.66,318.14,3559.6
2025-01-31,22,152.70,298.66,2941.0
2025-01-31,23,148.08,289.62,3478.6
2025-01-31,24,133.11,260.34,3184.8
2025-02-01,01,138.16,270.22,3011.9
2025-02-01,02,130.34,254.92,2728.0
2025-02-01,03,124.96,244.40,2891.1
2025-02-01,04,119.24,233.21,2843.4
2025-02-01,05,119.66,234.03,2735.8
2025-02-01,06,121.25,237.14,3082.7
2025-02-01,07,127.26,248.90,3192.8
2025-02-01,08,144.74,283.09,2699.3
2025-02-01,09,153.46,300.14,3990.5
2025-02-01,10,112.91,220.83,4140.6
2025-02-01,11,81.02,158.46,4043.8
2025-02-01,12,40.19,78.60,4110.1
2025-02-01,13,47.03,91.98,3941.0
2025-02-01,14,103.40,202.23,3768.8
2025-02-01,15,113.70,222.38,3072.4
2025-02-01,16,130.38,255.00,2882.0
2025-02-01,17,155.52,304.17,2924.0
2025-02-01,18,166.76,326.15,3246.8
2025-02-01,19,166.97,326.56,3188.8
2025-02-01,20,162.98,318.76,2894.2
2025-02-01,21,156.60,306.28,2647.3
2025-02-01,22,145.24,284.06,2702.8
2025-02-01,23,141.73,277.20,2781.0
2025-02-01,24,131.74,257.66,2714.8
2025-02-02,01,133.26,260.63,2664.8
2025-02-02,02,126.91,248.21,2765.0
2025-02-02,03,122.99,240.55,2752.1
2025-02-02,04,120.66,235.99,2910.7
2025-02-02,05,122.34,239.28,2870.3
2025-02-02,06,123.41,241.37,2828.2
2025-02-02,07,128.09,250.52,2611.6
2025-02-02,08,135.90,265.80,2737.4
2025-02-02,09,137.30,268.54,2987.3
2025-02-02,10,137.70,269.32,3032.1
2025-02-02,11,130.04,254.34,2960.2
2025-02-02,12,129.33,252.95,2826.5
2025-02-02,13,122.24,239.08,2847.8
2025-02-02,14,111.88,218.82,3180.8
2025-02-02,15,116.83,228.50,3472.4
2025-02-02,16,129.65,253.57,2961.3
2025-02-02,17,154.67,302.51,3388.6
2025-02-02,18,166.23,325.12,3801.1
2025-02-02,19,172.00,336.40,3879.4
2025-02-02,20,173.95,340.22,3352.7
2025-02-02,21,165.50,323.69,3191.7
2025-02-02,22,155.77,304.66,3172.7
2025-02-02,23,148.44,290.32,3073.5
2025-02-02,24,133.24,260.59,2970.6
2025-02-03,01,129.54,253.36,3320.0
2025-02-03,02,126.63,247.67,3202.7
2025-02-03,03,124.72,243.93,3073.4
2025-02-03,04,120.04,234.78,3056.6
2025-02-03,05,123.24,241.04,2866.3
2025-02-03,06,127.77,249.90,3467.9
2025-02-03,07,159.18,311.33,3462.8
2025-02-03,08,207.88,406.58,3480.9
2025-02-03,09,243.23,475.72,3505.2
2025-02-03,10,178.04,348.22,3617.7
2025-02-03,11,149.95,293.28,3523.6
2025-02-03,12,126.19,246.81,3220.9
2025-02-03,13,117.27,229.36,3339.8
2025-02-03,14,115.72,226.33,3667.9
2025-02-03,15,124.52,243.54,4227.2
2025-02-03,16,148.13,289.72,4416.3
2025-02-03,17,167.45,327.50,3562.2
2025-02-03,18,212.35,415.32,3757.5
2025-02-03,19,200.73,392.59,3936.4
2025-02-03,20,201.10,393.32,3737.6
2025-02-03,21,167.74,328.07,3542.1
2025-02-03,22,153.00,299.24,3521.4
2025-02-03,23,144.20,282.03,3280.0
2025-02-03,24,135.81,265.62,2980.0
2025-02-04,01,132.40,258.95,3072.1
2025-02-04,02,125.54,245.53,3232.6
2025-02-04,03,123.18,240.92,3195.4
2025-02-04,04,123.99,242.50,3404.2
2025-02-04,05,123.25,241.06,3406.6
2025-02-04,06,127.63,249.62,3274.4
2025-02-04,07,155.17,303.49,3998.4
2025-02-04,08,190.74,373.06,4322.3
2025-02-04,09,211.99,414.62,4461.5
2025-02-04,10,163.31,319.41,4524.1
2025-02-04,11,136.53,267.03,4427.4
2025-02-04,12,126.77,247.94,4596.2
2025-02-04,13,105.95,207.22,4572.7
2025-02-04,14,113.19,221.38,4062.9
2025-02-04,15,120.09,234.88,3556.8
2025-02-04,16,143.35,280.37,3879.9
2025-02-04,17,171.08,334.60,4104.6
2025-02-04,18,179.72,351.50,4207.8
2025-02-04,19,175.00,342.27,3970.8
2025-02-04,20,173.92,340.16,3787.7
2025-02-04,21,162.05,316.94,3896.1
2025-02-04,22,136.64,267.24,3409.5
2025-02-04,23,131.34,256.88,3081.2
2025-02-04,24,123.98,242.48,3046.8
2025-02-05,01,115.99,226.86,3557.5
2025-02-05,02,111.37,217.82,3143.7
2025-02-05,03,110.65,216.41,3174.9
2025-02-05,04,109.48,214.12,3113.6
2025-02-05,05,115.54,225.98,3142.2
2025-02-05,06,122.53,239.65,3565.0
2025-02-05,07,152.34,297.95,3783.4
2025-02-05,08,169.31,331.14,4225.4
2025-02-05,09,180.81,353.63,3989.4
2025-02-05,10,159.33,311.62,4433.3
2025-02-05,11,134.15,262.37,4567.7
2025-02-05,12,122.97,240.51,4715.3
2025-02-05,13,117.79,230.38,4634.1
2025-02-05,14,119.85,234.41,4368.6
2025-02-05,15,128.85,252.01,4049.4
2025-02-05,16,144.12,281.87,3681.7
2025-02-05,17,159.65,312.25,4021.6
2025-02-05,18,177.08,346.34,4223.7
2025-02-05,19,189.90,371.41,4171.4
2025-02-05,20,189.63,370.88,4198.0
2025-02-05,21,170.00,332.49,3252.9
2025-02-05,22,155.42,303.98,3295.6
2025-02-05,23,143.70,281.05,2988.5
2025-02-05,24,133.90,261.89,3069.5
2025-02-06,01,133.67,261.44,3534.6
2025-02-06,02,129.92,254.10,3272.2
2025-02-06,03,125.98,246.40,3388.0
2025-02-06,04,125.00,244.48,3379.8
2025-02-06,05,125.01,244.50,3247.9
2025-02-06,06,134.22,262.51,3784.0
2025-02-06,07,154.19,301.57,4134.6
2025-02-06,08,180.09,352.23,4569.6
2025-02-06,09,218.52,427.39,4589.1
2025-02-06,10,178.85,349.80,4491.6
2025-02-06,11,146.48,286.49,4624.6
2025-02-06,12,150.22,293.80,4842.3
2025-02-06,13,145.09,283.77,4770.5
2025-02-06,14,142.00,277.73,4461.6
2025-02-06,15,140.08,273.97,4097.2
2025-02-06,16,150.20,293.77,3888.4
2025-02-06,17,171.71,335.84,4275.0
2025-02-06,18,176.56,345.32,4045.9
2025-02-06,19,178.85,349.80,4275.5
2025-02-06,20,175.04,342.35,4109.8
2025-02-06,21,170.20,332.88,4131.3
2025-02-06,22,152.77,298.79,4124.3
2025-02-06,23,141.74,277.22,3727.5
2025-02-06,24,121.95,238.51,3757.3
2025-02-07,01,126.05,246.53,3267.9
2025-02-07,02,112.70,220.42,2956.2
2025-02-07,03,108.82,212.83,3035.7
2025-02-07,04,105.00,205.36,3043.1
2025-02-07,05,110.00,215.14,3198.0
2025-02-07,06,119.88,234.46,3787.1
2025-02-07,07,160.33,313.58,4104.4
2025-02-07,08,175.54,343.33,4439.9
2025-02-07,09,165.21,323.12,4562.9
2025-02-07,10,150.50,294.35,4701.8
2025-02-07,11,134.71,263.47,4672.3
2025-02-07,12,117.95,230.69,4524.4
2025-02-07,13,108.37,211.95,4456.9
2025-02-07,14,114.71,224.35,4348.5
2025-02-07,15,117.93,230.65,3986.3
2025-02-07,16,134.48,263.02,3857.7
2025-02-07,17,182.86,357.64,4078.9
2025-02-07,18,184.98,361.79,4067.1
2025-02-07,19,182.15,356.25,4069.8
2025-02-07,20,180.19,352.42,3935.0
2025-02-07,21,178.85,349.80,3924.3
2025-02-07,22,153.72,300.65,3986.4
2025-02-07,23,120.70,236.07,3669.6
2025-02-07,24,112.25,219.54,3662.6
2025-02-08,01,90.73,177.45,3440.8
2025-02-08,02,87.34,170.82,3508.4
2025-02-08,03,86.64,169.45,3589.8
2025-02-08,04,88.62,173.33,3557.5
2025-02-08,05,89.69,175.42,3582.7
2025-02-08,06,90.99,177.96,3645.8
2025-02-08,07,98.74,193.12,3576.0
2025-02-08,08,110.52,216.16,3768.4
2025-02-08,09,112.77,220.56,4688.5
2025-02-08,10,99.43,194.47,4597.8
2025-02-08,11,93.02,181.93,4825.9
2025-02-08,12,85.00,166.25,4826.8
2025-02-08,13,62.31,121.87,4659.2
2025-02-08,14,88.57,173.23,4207.7
2025-02-08,15,94.00,183.85,3573.1
2025-02-08,16,118.00,230.79,3507.0
2025-02-08,17,152.27,297.81,4019.7
2025-02-08,18,166.14,324.94,3886.8
2025-02-08,19,160.56,314.03,3765.5
2025-02-08,20,159.03,311.04,3885.1
2025-02-08,21,154.45,302.08,3817.0
2025-02-08,22,149.00,291.42,3828.5
2025-02-08,23,142.78,279.25,3706.4
2025-02-08,24,134.15,262.37,3709.1
2025-02-09,01,135.00,264.04,3706.0
2025-02-09,02,125.82,246.08,3350.0
2025-02-09,03,121.67,237.97,3152.0
2025-02-09,04,119.30,233.33,3162.0
2025-02-09,05,116.81,228.46,3237.6
2025-02-09,06,117.00,228.83,3379.8
2025-02-09,07,117.00,228.83,3656.5
2025-02-09,08,133.43,260.97,3756.7
2025-02-09,09,136.77,267.50,4481.3
2025-02-09,10,122.01,238.63,4678.3
2025-02-09,11,113.44,221.87,4820.7
2025-02-09,12,107.00,209.27,4774.5
2025-02-09,13,50.00,97.79,4630.2
2025-02-09,14,60.00,117.35,4486.9
2025-02-09,15,109.90,214.95,4076.3
2025-02-09,16,120.40,235.48,3811.2
2025-02-09,17,153.18,299.59,4037.0
2025-02-09,18,164.47,321.68,4171.5
2025-02-09,19,178.85,349.80,3929.9
2025-02-09,20,178.85,349.80,4074.6
2025-02-09,21,169.46,331.43,4193.9
2025-02-09,22,145.00,283.60,4081.0
2025-02-09,23,143.00,279.68,3809.9
2025-02-09,24,128.90,252.11,3493.4
2025-02-10,01,119.93,234.56,3333.8
2025-02-10,02,114.90,224.72,3011.2
2025-02-10,03,112.20,219.44,3143.1
2025-02-10,04,108.25,211.72,3174.6
2025-02-10,05,107.85,210.94,3315.2
2025-02-10,06,116.88,228.60,3824.0
2025-02-10,07,159.62,312.19,4228.7
2025-02-10,08,178.86,349.82,4384.3
2025-02-10,09,181.36,354.71,4784.4
2025-02-10,10,163.18,319.15,5126.2
2025-02-10,11,141.99,277.71,5106.1
2025-02-10,12,110.37,215.86,4900.5
2025-02-10,13,110.46,216.04,4808.0
2025-02-10,14,120.80,236.26,4633.4
2025-02-10,15,130.29,254.83,4271.0
2025-02-10,16,167.33,327.27,4074.7
2025-02-10,17,200.24,391.64,4097.0
2025-02-10,18,220.48,431.22,4190.2
2025-02-10,19,220.21,430.69,4062.6
2025-02-10,20,203.96,398.91,3752.3
2025-02-10,21,206.43,403.74,4026.6
2025-02-10,22,178.86,349.82,3872.1
2025-02-10,23,170.66,333.78,3943.6
2025-02-10,24,140.00,273.82,3599.3
2025-02-11,01,148.00,289.46,3402.5
2025-02-11,02,133.78,261.65,3221.7
2025-02-11,03,126.12,246.67,3361.1
2025-02-11,04,124.17,242.86,3356.6
2025-02-11,05,134.88,263.80,3500.3
2025-02-11,06,178.85,349.80,3922.0
2025-02-11,07,185.65,363.10,4060.7
2025-02-11,08,243.00,475.27,4487.1
2025-02-11,09,178.85,349.80,4360.2
2025-02-11,10,144.56,282.73,4861.2
2025-02-11,11,115.19,225.29,4289.3
2025-02-11,12,106.57,208.43,4325.8
2025-02-11,13,108.51,212.23,4255.2
2025-02-11,14,117.91,230.61,3985.1
2025-02-11,15,128.14,250.62,3765.9
2025-02-11,16,164.66,322.05,3925.3
2025-02-11,17,191.99,375.50,3614.4
2025-02-11,18,215.79,422.05,3468.4
2025-02-11,19,242.33,473.96,3513.6
2025-02-11,20,208.19,407.18,3549.4
2025-02-11,21,183.27,358.44,3248.6
2025-02-11,22,178.85,349.80,3815.3
2025-02-11,23,163.64,320.05,4033.8
2025-02-11,24,133.24,260.59,3687.9
2025-02-12,01,129.39,253.06,3527.2
2025-02-12,02,127.85,250.05,3917.7
2025-02-12,03,126.82,248.04,3661.6
2025-02-12,04,126.59,247.59,3661.6
2025-02-12,05,128.74,251.79,3788.1
2025-02-12,06,137.59,269.10,4100.1
2025-02-12,07,178.85,349.80,4033.0
2025-02-12,08,182.14,356.23,3744.6
2025-02-12,09,180.00,352.05,4482.8
2025-02-12,10,174.92,342.11,4752.5
2025-02-12,11,163.95,320.66,4937.4
2025-02-12,12,148.01,289.48,4696.9
2025-02-12,13,147.17,287.84,4500.4
2025-02-12,14,150.00,293.37,4252.4
2025-02-12,15,171.81,336.03,4033.4
2025-02-12,16,187.24,366.21,3555.3
2025-02-12,17,210.39,411.49,3345.4
2025-02-12,18,372.76,729.06,3357.8
2025-02-12,19,321.51,628.82,3394.6
2025-02-12,20,241.79,472.90,3500.3
2025-02-12,21,234.53,458.70,3515.4
2025-02-12,22,184.61,361.07,3700.3
2025-02-12,23,178.85,349.80,3960.0
2025-02-12,24,165.21,323.12,3809.5
2025-02-13,01,164.29,321.32,3934.8
2025-02-13,02,150.50,294.35,4290.3
2025-02-13,03,146.00,285.55,4334.2
2025-02-13,04,141.33,276.42,4331.4
2025-02-13,05,146.50,286.53,4427.0
2025-02-13,06,169.01,330.55,4150.9
2025-02-13,07,223.92,437.95,3469.1
2025-02-13,08,360.02,704.14,4069.1
2025-02-13,09,310.93,608.13,4287.6
2025-02-13,10,269.44,526.98,4125.4
2025-02-13,11,207.06,404.97,3829.5
2025-02-13,12,186.95,365.64,4027.8
2025-02-13,13,181.85,355.67,4117.8
2025-02-13,14,198.61,388.45,4096.9
2025-02-13,15,218.88,428.09,3756.2
2025-02-13,16,237.37,464.26,3438.2
2025-02-13,17,281.04,549.67,3563.2
2025-02-13,18,282.48,552.48,3557.1
2025-02-13,19,209.02,408.81,3418.2
2025-02-13,20,196.52,384.36,3532.4
2025-02-13,21,178.85,349.80,3868.0
2025-02-13,22,162.92,318.64,3918.0
2025-02-13,23,153.12,299.48,3699.8
2025-02-13,24,139.14,272.13,3611.3
2025-02-14,01,139.99,273.80,3608.1
2025-02-14,02,134.87,263.78,3985.0
2025-02-14,03,130.24,254.73,3915.1
2025-02-14,04,130.22,254.69,3842.0
2025-02-14,05,130.97,256.16,4140.8
2025-02-14,06,140.56,274.91,4476.2
2025-02-14,07,163.93,320.62,4301.9
2025-02-14,08,244.26,477.73,3597.7
2025-02-14,09,270.28,528.62,4271.5
2025-02-14,10,214.12,418.78,4709.8
2025-02-14,11,147.14,287.78,4848.1
2025-02-14,12,136.00,265.99,4616.3
2025-02-14,13,125.00,244.48,4551.1
2025-02-14,14,125.00,244.48,4521.6
2025-02-14,15,158.12,309.26,4542.9
2025-02-14,16,177.49,347.14,4405.3
2025-02-14,17,208.40,407.59,4316.7
2025-02-14,18,309.86,606.03,4332.2
2025-02-14,19,298.18,583.19,4223.2
2025-02-14,20,227.09,444.15,4228.0
2025-02-14,21,183.55,358.99,4278.3
2025-02-14,22,163.79,320.35,3841.8
2025-02-14,23,153.00,299.24,3523.3
2025-02-14,24,140.03,273.87,3465.8
2025-02-15,01,136.08,266.15,3219.0
2025-02-15,02,131.10,256.41,3903.0
2025-02-15,03,120.54,235.76,4121.4
2025-02-15,04,119.22,233.17,4038.1
2025-02-15,05,119.57,233.86,4074.5
2025-02-15,06,121.45,237.54,4324.7
2025-02-15,07,135.31,264.64,4476.8
2025-02-15,08,149.90,293.18,4447.8
2025-02-15,09,150.00,293.37,3567.9
2025-02-15,10,137.08,268.11,4171.5
2025-02-15,11,124.59,243.68,4506.8
2025-02-15,12,118.36,231.49,4516.7
2025-02-15,13,112.39,219.82,4272.0
2025-02-15,14,110.01,215.16,3744.9
2025-02-15,15,116.70,228.25,3014.0
2025-02-15,16,130.39,255.02,3843.5
2025-02-15,17,160.53,313.97,3423.6
2025-02-15,18,182.14,356.23,3464.6
2025-02-15,19,178.85,349.80,3453.3
2025-02-15,20,178.86,349.82,3515.7
2025-02-15,21,178.86,349.82,3307.3
2025-02-15,22,160.53,313.97,3545.0
2025-02-15,23,144.86,283.32,3373.2
2025-02-15,24,136.03,266.05,3274.4
2025-02-16,01,134.11,262.30,3351.6
2025-02-16,02,128.90,252.11,3704.7
2025-02-16,03,123.57,241.68,3709.6
2025-02-16,04,119.90,234.50,3568.8
2025-02-16,05,119.57,233.86,3476.4
2025-02-16,06,121.10,236.85,3200.9
2025-02-16,07,125.00,244.48,3504.0
2025-02-16,08,136.00,265.99,3334.7
2025-02-16,09,146.02,285.59,3627.3
2025-02-16,10,144.00,281.64,4076.3
2025-02-16,11,131.60,257.39,3568.3
2025-02-16,12,130.29,254.83,3705.7
2025-02-16,13,128.16,250.66,3722.6
2025-02-16,14,126.49,247.39,3560.7
2025-02-16,15,129.69,253.65,3489.8
2025-02-16,16,143.64,280.94,3772.0
2025-02-16,17,167.55,327.70,4114.5
2025-02-16,18,178.85,349.80,3971.8
2025-02-16,19,178.85,349.80,3813.2
2025-02-16,20,178.86,349.82,3488.3
2025-02-16,21,178.85,349.80,3439.4
2025-02-16,22,165.31,323.32,3616.4
2025-02-16,23,152.73,298.71,3928.5
2025-02-16,24,131.51,257.21,3918.1
2025-02-17,01,133.74,261.57,4032.5
2025-02-17,02,121.06,236.77,4206.3
2025-02-17,03,120.34,235.36,4077.0
2025-02-17,04,126.26,246.94,3931.9
2025-02-17,05,129.92,254.10,4274.2
2025-02-17,06,146.00,285.55,4254.3
2025-02-17,07,176.98,346.14,4417.9
2025-02-17,08,209.27,409.30,4068.9
2025-02-17,09,209.79,410.31,4598.4
2025-02-17,10,171.30,335.03,4660.4
2025-02-17,11,139.67,273.17,4371.6
2025-02-17,12,133.64,261.38,4529.2
2025-02-17,13,129.00,252.30,4500.7
2025-02-17,14,121.78,238.18,4554.7
2025-02-17,15,124.22,242.95,4426.8
2025-02-17,16,149.90,293.18,4111.6
2025-02-17,17,176.87,345.93,3946.1
2025-02-17,18,224.35,438.79,3678.3
2025-02-17,19,269.42,526.94,3605.4
2025-02-17,20,216.86,424.14,3272.1
2025-02-17,21,179.47,351.01,3113.4
2025-02-17,22,165.32,323.34,3901.2
2025-02-17,23,161.88,316.61,3597.1
2025-02-17,24,147.26,288.02,3459.1
2025-02-18,01,136.00,265.99,3187.7
2025-02-18,02,133.53,261.16,3696.5
2025-02-18,03,125.45,245.36,3594.3
2025-02-18,04,124.92,244.32,3475.4
2025-02-18,05,130.87,255.96,3622.3
2025-02-18,06,160.82,314.54,4142.9
2025-02-18,07,230.00,449.84,3677.8
2025-02-18,08,359.81,703.73,3883.7
2025-02-18,09,193.80,379.04,3649.7
2025-02-18,10,166.57,325.78,4354.6
2025-02-18,11,147.46,288.41,4194.9
2025-02-18,12,140.00,273.82,4060.7
2025-02-18,13,140.00,273.82,4055.0
2025-02-18,14,157.03,307.12,4134.0
2025-02-18,15,161.57,316.00,4107.7
2025-02-18,16,177.70,347.55,4333.4
2025-02-18,17,402.06,786.36,3861.9
2025-02-18,18,298.61,584.03,3672.2
2025-02-18,19,315.75,617.55,3600.0
2025-02-18,20,280.28,548.18,3353.3
2025-02-18,21,189.77,371.16,3328.3
2025-02-18,22,178.86,349.82,3553.2
2025-02-18,23,178.85,349.80,3832.8
2025-02-18,24,144.00,281.64,4113.2
2025-02-19,01,138.36,270.61,3572.4
2025-02-19,02,135.54,265.09,3417.5
2025-02-19,03,132.90,259.93,3317.0
2025-02-19,04,131.89,257.95,3347.7
2025-02-19,05,133.11,260.34,3595.1
2025-02-19,06,146.82,287.15,4252.7
2025-02-19,07,178.85,349.80,3987.9
2025-02-19,08,216.93,424.28,4118.5
2025-02-19,09,178.85,349.80,4307.5
2025-02-19,10,157.92,308.86,4400.5
2025-02-19,11,114.69,224.31,4495.3
2025-02-19,12,117.27,229.36,4409.8
2025-02-19,13,108.50,212.21,4427.9
2025-02-19,14,108.95,213.09,4216.3
2025-02-19,15,124.99,244.46,4260.6
2025-02-19,16,149.89,293.16,4347.1
2025-02-19,17,196.00,383.34,4336.5
2025-02-19,18,274.31,536.50,4048.9
2025-02-19,19,282.28,552.09,4056.9
2025-02-19,20,225.73,441.49,4002.7
2025-02-19,21,193.96,379.35,4028.0
2025-02-19,22,182.69,357.31,4122.9
2025-02-19,23,178.85,349.80,3855.1
2025-02-19,24,170.57,333.61,3950.0
2025-02-20,01,137.08,268.11,3624.5
2025-02-20,02,127.24,248.86,3469.4
2025-02-20,03,119.87,234.45,3413.8
2025-02-20,04,115.46,225.82,3449.2
2025-02-20,05,130.19,254.63,3746.5
2025-02-20,06,153.52,300.26,4181.4
2025-02-20,07,213.97,418.49,3813.7
2025-02-20,08,305.21,596.94,4837.9
2025-02-20,09,177.67,347.49,5086.6
2025-02-20,10,119.85,234.41,4639.6
2025-02-20,11,104.47,204.33,4055.6
2025-02-20,12,90.28,176.57,4041.7
2025-02-20,13,91.58,179.11,4048.1
2025-02-20,14,97.58,190.85,4074.9
2025-02-20,15,108.57,212.34,3946.5
2025-02-20,16,147.89,289.25,4214.7
2025-02-20,17,226.45,442.90,4545.1
2025-02-20,18,314.97,616.03,4384.8
2025-02-20,19,371.79,727.16,3740.7
2025-02-20,20,316.72,619.45,3574.8
2025-02-20,21,190.67,372.92,3708.9
2025-02-20,22,180.10,352.24,3851.5
2025-02-20,23,177.01,346.20,4269.0
2025-02-20,24,146.13,285.81,3978.2
2025-02-21,01,136.78,267.52,3877.5
2025-02-21,02,133.13,260.38,3744.2
2025-02-21,03,119.37,233.47,4213.5
2025-02-21,04,120.76,236.19,4124.4
2025-02-21,05,125.45,245.36,3946.4
2025-02-21,06,141.76,277.26,4342.4
2025-02-21,07,183.21,358.33,3892.4
2025-02-21,08,178.86,349.82,4662.8
2025-02-21,09,149.42,292.24,4907.2
2025-02-21,10,127.77,249.90,4774.9
2025-02-21,11,102.90,201.25,4734.9
2025-02-21,12,87.00,170.16,4635.5
2025-02-21,13,79.80,156.08,4560.1
2025-02-21,14,78.94,154.39,4534.9
2025-02-21,15,98.77,193.18,4840.7
2025-02-21,16,137.62,269.16,4003.0
2025-02-21,17,178.85,349.80,4053.2
2025-02-21,18,230.76,451.33,3888.7
2025-02-21,19,238.99,467.42,3999.4
2025-02-21,20,239.59,468.60,3390.1
2025-02-21,21,185.20,362.22,3584.4
2025-02-21,22,178.86,349.82,3804.2
2025-02-21,23,149.86,293.10,4355.3
2025-02-21,24,135.00,264.04,4283.4
2025-02-22,01,139.84,273.50,3863.0
2025-02-22,02,132.66,259.46,3641.2
2025-02-22,03,128.74,251.79,3516.7
2025-02-22,04,122.58,239.75,3891.4
2025-02-22,05,125.60,245.65,3818.8
2025-02-22,06,132.00,258.17,3926.3
2025-02-22,07,158.57,310.14,4275.6
2025-02-22,08,145.01,283.61,4411.7
2025-02-22,09,101.96,199.42,4387.2
2025-02-22,10,70.06,137.03,4537.6
2025-02-22,11,57.60,112.66,4757.9
2025-02-22,12,54.63,106.85,4687.7
2025-02-22,13,50.11,98.01,4717.8
2025-02-22,14,55.41,108.37,4810.3
2025-02-22,15,68.20,133.39,5079.1
2025-02-22,16,128.74,251.79,3943.9
2025-02-22,17,192.13,375.77,3541.1
2025-02-22,18,260.79,510.06,3434.0
2025-02-22,19,250.18,489.31,3276.0
2025-02-22,20,243.13,475.52,3205.1
2025-02-22,21,207.10,405.05,3296.9
2025-02-22,22,182.68,357.29,3266.1
2025-02-22,23,178.86,349.82,3365.4
2025-02-22,24,168.20,328.97,4065.7
2025-02-23,01,138.56,271.00,3645.9
2025-02-23,02,140.82,275.42,4004.1
2025-02-23,03,129.01,252.32,3852.0
2025-02-23,04,128.68,251.68,3989.9
2025-02-23,05,129.00,252.30,3660.4
2025-02-23,06,135.92,265.84,3992.2
2025-02-23,07,140.82,275.42,4014.2
2025-02-23,08,136.82,267.60,4091.9
2025-02-23,09,117.50,229.81,4906.6
2025-02-23,10,101.91,199.32,5491.9
2025-02-23,11,86.74,169.65,5459.4
2025-02-23,12,88.34,172.78,5351.8
2025-02-23,13,74.78,146.26,5280.5
2025-02-23,14,74.15,145.02,5240.2
2025-02-23,15,103.94,203.29,5281.4
2025-02-23,16,138.72,271.31,4171.1
2025-02-23,17,178.86,349.82,3606.5
2025-02-23,18,256.12,500.93,3622.8
2025-02-23,19,232.70,455.12,3350.7
2025-02-23,20,244.86,478.90,3329.2
2025-02-23,21,186.15,364.08,3355.1
2025-02-23,22,178.86,349.82,3647.8
2025-02-23,23,162.61,318.04,4103.0
2025-02-23,24,134.11,262.30,3862.6
2025-02-24,01,140.00,273.82,3546.2
2025-02-24,02,124.13,242.78,3435.3
2025-02-24,03,120.00,234.70,3925.0
2025-02-24,04,120.10,234.90,3846.2
2025-02-24,05,122.21,239.02,3716.4
2025-02-24,06,171.40,335.23,4055.7
2025-02-24,07,243.08,475.42,3705.1
2025-02-24,08,284.79,557.00,3834.3
2025-02-24,09,186.74,365.23,4630.2
2025-02-24,10,178.86,349.82,4818.0
2025-02-24,11,152.84,298.93,4994.0
2025-02-24,12,143.54,280.74,4801.2
2025-02-24,13,137.32,268.57,4536.7
2025-02-24,14,138.98,271.82,4227.5
2025-02-24,15,161.57,316.00,4490.7
2025-02-24,16,215.47,421.42,3958.1
2025-02-24,17,284.08,555.61,3645.2
2025-02-24,18,369.64,722.95,3982.5
2025-02-24,19,400.00,782.33,4103.0
2025-02-24,20,357.57,699.35,3649.2
2025-02-24,21,236.63,462.81,3720.2
2025-02-24,22,200.91,392.95,3503.6
2025-02-24,23,178.85,349.80,3932.7
2025-02-24,24,141.26,276.28,3813.2
2025-02-25,01,157.16,307.38,3472.0
2025-02-25,02,138.72,271.31,3303.1
2025-02-25,03,133.00,260.13,3265.5
2025-02-25,04,131.94,258.05,3269.3
2025-02-25,05,135.29,264.60,3536.7
2025-02-25,06,158.68,310.35,3848.9
2025-02-25,07,262.67,513.74,3200.2
2025-02-25,08,362.04,708.09,4519.1
2025-02-25,09,178.86,349.82,4049.2
2025-02-25,10,155.42,303.98,4069.5
2025-02-25,11,142.38,278.47,4189.2
2025-02-25,12,128.53,251.38,3612.6
2025-02-25,13,127.00,248.39,3874.0
2025-02-25,14,129.00,252.30,3872.1
2025-02-25,15,138.21,270.32,4235.4
2025-02-25,16,152.85,298.95,4406.9
2025-02-25,17,266.64,521.50,3702.6
2025-02-25,18,419.35,820.18,3563.3
2025-02-25,19,471.56,922.29,3650.5
2025-02-25,20,438.63,857.89,3257.0
2025-02-25,21,287.88,563.04,3373.2
2025-02-25,22,178.86,349.82,3590.2
2025-02-25,23,163.30,319.39,3865.8
2025-02-25,24,134.92,263.88,3633.7
2025-02-26,01,124.45,243.40,4043.0
2025-02-26,02,122.13,238.87,4468.8
2025-02-26,03,118.62,232.00,4231.8
2025-02-26,04,118.14,231.06,4193.6
2025-02-26,05,118.52,231.80,4496.7
2025-02-26,06,131.34,256.88,4445.9
2025-02-26,07,185.39,362.59,4055.0
2025-02-26,08,218.58,427.51,4250.2
2025-02-26,09,178.85,349.80,3919.4
2025-02-26,10,158.36,309.73,3748.8
2025-02-26,11,144.50,282.62,4091.7
2025-02-26,12,131.76,257.70,4078.2
2025-02-26,13,121.09,236.83,3932.6
2025-02-26,14,121.76,238.14,3620.8
2025-02-26,15,129.00,252.30,3226.6
2025-02-26,16,150.17,293.71,3415.6
2025-02-26,17,184.06,359.99,3580.8
2025-02-26,18,233.07,455.85,3750.4
2025-02-26,19,217.27,424.94,3819.0
2025-02-26,20,192.12,375.75,4064.4
2025-02-26,21,178.86,349.82,3980.1
2025-02-26,22,153.73,300.67,4235.7
2025-02-26,23,137.68,269.28,4132.7
2025-02-26,24,122.29,239.18,4222.3
2025-02-27,01,114.59,224.12,4288.8
2025-02-27,02,103.81,203.03,4309.5
2025-02-27,03,102.65,200.77,4307.6
2025-02-27,04,101.44,198.40,4313.4
2025-02-27,05,101.47,198.46,4422.9
2025-02-27,06,114.52,223.98,4289.6
2025-02-27,07,157.45,307.95,3978.1
2025-02-27,08,164.16,321.07,4429.1
2025-02-27,09,168.16,328.89,4148.4
2025-02-27,10,151.99,297.27,3597.8
2025-02-27,11,136.20,266.38,3590.2
2025-02-27,12,132.59,259.32,3371.7
2025-02-27,13,126.00,246.43,3279.2
2025-02-27,14,117.79,230.38,3728.3
2025-02-27,15,121.13,236.91,3706.9
2025-02-27,16,137.95,269.81,3486.8
2025-02-27,17,178.85,349.80,3322.2
2025-02-27,18,178.86,349.82,3359.4
2025-02-27,19,185.44,362.69,3332.9
2025-02-27,20,178.86,349.82,3508.2
2025-02-27,21,178.86,349.82,3874.0
2025-02-27,22,145.82,285.20,4043.2
2025-02-27,23,139.57,272.98,3573.7
2025-02-27,24,114.83,224.59,3895.7
2025-02-28,01,126.01,246.45,3989.3
2025-02-28,02,110.54,216.20,4236.4
2025-02-28,03,109.38,213.93,4142.6
2025-02-28,04,107.05,209.37,4124.2
2025-02-28,05,112.54,220.11,4113.2
2025-02-28,06,132.81,259.75,4131.4
2025-02-28,07,169.49,331.49,3936.3
2025-02-28,08,213.93,418.41,3438.7
2025-02-28,09,161.78,316.41,3698.2
2025-02-28,10,147.04,287.59,3865.4
2025-02-28,11,129.13,252.56,3546.1
2025-02-28,12,117.35,229.52,3533.0
2025-02-28,13,110.10,215.34,3508.1
2025-02-28,14,109.66,214.48,3246.5
2025-02-28,15,112.33,219.70,3135.2
2025-02-28,16,126.49,247.39,3286.3
2025-02-28,17,180.19,352.42,3813.8
2025-02-28,18,223.93,437.97,3089.5
2025-02-28,19,229.58,449.02,3326.9
2025-02-28,20,233.93,457.53,3013.3
2025-02-28,21,218.93,428.19,2997.4
2025-02-28,22,178.85,349.80,3288.4
2025-02-28,23,147.65,288.78,3500.3
2025-02-28,24,129.17,252.63,3487.7
2025-03-01,01,129.24,252.77,3030.4
2025-03-01,02,120.69,236.05,3545.9
2025-03-01,03,117.25,229.32,3528.5
2025-03-01,04,112.95,220.91,3562.1
2025-03-01,05,110.32,215.77,3621.5
2025-03-01,06,115.26,225.43,3786.6
2025-03-01,07,130.49,255.22,3692.6
2025-03-01,08,138.87,271.61,3532.8
2025-03-01,09,139.67,273.17,3566.5
2025-03-01,10,139.20,272.25,3481.3
2025-03-01,11,127.09,248.57,3399.8
2025-03-01,12,114.06,223.08,3425.7
2025-03-01,13,103.44,202.31,3398.3
2025-03-01,14,99.32,194.25,3310.2
2025-03-01,15,102.92,201.29,3314.4
2025-03-01,16,131.19,256.59,3484.7
2025-03-01,17,178.86,349.82,3141.3
2025-03-01,18,243.14,475.54,2928.2
2025-03-01,19,241.09,471.53,2769.4
2025-03-01,20,226.34,442.68,2923.4
2025-03-01,21,178.86,349.82,3179.0
2025-03-01,22,147.05,287.60,3852.0
2025-03-01,23,125.64,245.73,3882.3
2025-03-01,24,119.92,234.54,3519.9
2025-03-02,01,128.22,250.78,3174.7
2025-03-02,02,130.35,254.94,3576.4
2025-03-02,03,110.34,215.81,3397.9
2025-03-02,04,115.49,225.88,3312.8
2025-03-02,05,128.00,250.35,3244.4
2025-03-02,06,133.52,261.14,3262.9
2025-03-02,07,163.60,319.97,3243.8
2025-03-02,08,159.09,311.15,3516.7
2025-03-02,09,120.40,235.48,4347.4
2025-03-02,10,100.01,195.60,4747.4
2025-03-02,11,68.30,133.58,4881.5
2025-03-02,12,49.00,95.84,4863.9
2025-03-02,13,27.50,53.79,4978.1
2025-03-02,14,25.91,50.68,4985.6
2025-03-02,15,67.50,132.02,4496.3
2025-03-02,16,74.10,144.93,4663.6
2025-03-02,17,178.85,349.80,3810.6
2025-03-02,18,178.86,349.82,3164.9
2025-03-02,19,178.86,349.82,2859.7
2025-03-02,20,178.86,349.82,3156.3
2025-03-02,21,178.86,349.82,3536.7
2025-03-02,22,177.24,346.65,3821.7
2025-03-02,23,130.24,254.73,3873.5
2025-03-02,24,113.46,221.91,3325.4
2025-03-03,01,113.36,221.71,3433.8
2025-03-03,02,107.63,210.51,3498.3
2025-03-03,03,106.26,207.83,3264.6
2025-03-03,04,102.45,200.37,2990.8
2025-03-03,05,106.00,207.32,2784.6
2025-03-03,06,118.79,232.33,3000.6
2025-03-03,07,140.26,274.32,3767.6
2025-03-03,08,163.00,318.80,4093.0
2025-03-03,09,147.69,288.86,4356.1
2025-03-03,10,108.51,212.23,4158.7
2025-03-03,11,46.34,90.63,3676.8
2025-03-03,12,66.10,129.28,3825.0
2025-03-03,13,69.99,136.89,3935.2
2025-03-03,14,49.39,96.60,3685.4
2025-03-03,15,83.52,163.35,3393.2
2025-03-03,16,118.71,232.18,3501.1
2025-03-03,17,151.90,297.09,3906.9
2025-03-03,18,199.98,391.13,3681.2
2025-03-03,19,286.21,559.78,3715.4
2025-03-03,20,198.18,387.61,3718.3
2025-03-03,21,178.86,349.82,3225.0
2025-03-03,22,172.65,337.67,3488.8
2025-03-03,23,157.02,307.10,3456.8
2025-03-03,24,151.23,295.78,3399.1
2025-03-04,01,127.72,249.80,3010.0
2025-03-04,02,121.95,238.51,3098.4
2025-03-04,03,110.34,215.81,3106.1
2025-03-04,04,107.69,210.62,3217.5
2025-03-04,05,122.60,239.78,3170.2
2025-03-04,06,169.85,332.20,3543.5
2025-03-04,07,191.94,375.40,3723.4
2025-03-04,08,178.85,349.80,4495.7
2025-03-04,09,112.52,220.07,4595.7
2025-03-04,10,69.99,136.89,4494.8
2025-03-04,11,17.40,34.03,4679.6
2025-03-04,12,15.00,29.34,4649.8
2025-03-04,13,15.33,29.98,4641.8
2025-03-04,14,26.93,52.67,4575.6
2025-03-04,15,65.11,127.34,3945.4
2025-03-04,16,107.87,210.98,3227.8
2025-03-04,17,169.27,331.06,3699.6
2025-03-04,18,232.55,454.83,3666.9
2025-03-04,19,310.84,607.95,3965.3
2025-03-04,20,231.65,453.07,3769.5
2025-03-04,21,190.89,373.35,3730.3
2025-03-04,22,169.30,331.12,3829.1
2025-03-04,23,152.13,297.54,3720.0
2025-03-04,24,141.58,276.91,3423.7
2025-03-05,01,147.74,288.95,2792.5
2025-03-05,02,132.45,259.05,2679.0
2025-03-05,03,119.99,234.68,2728.0
2025-03-05,04,115.61,226.11,2727.8
2025-03-05,05,133.99,262.06,2873.9
2025-03-05,06,149.88,293.14,3267.8
2025-03-05,07,188.31,368.30,3090.1
2025-03-05,08,150.69,294.72,3971.3
2025-03-05,09,104.77,204.91,4310.3
2025-03-05,10,42.51,83.14,4516.8
2025-03-05,11,17.39,34.01,4677.0
2025-03-05,12,9.20,17.99,3919.2
2025-03-05,13,5.00,9.78,3784.6
2025-03-05,14,0.24,0.47,3517.1
2025-03-05,15,3.43,6.71,3155.2
2025-03-05,16,71.11,139.08,2960.9
2025-03-05,17,131.98,258.13,2863.4
2025-03-05,18,183.62,359.13,3240.1
2025-03-05,19,272.62,533.20,3325.5
2025-03-05,20,208.44,407.67,3213.0
2025-03-05,21,183.64,359.17,2896.3
2025-03-05,22,161.71,316.28,3485.3
2025-03-05,23,135.19,264.41,3225.6
2025-03-05,24,129.33,252.95,2935.6
2025-03-06,01,110.31,215.75,2788.0
2025-03-06,02,110.35,215.83,3049.4
2025-03-06,03,108.64,212.48,3179.9
2025-03-06,04,110.10,215.34,3087.0
2025-03-06,05,116.66,228.17,3135.2
2025-03-06,06,146.01,285.57,3367.7
2025-03-06,07,193.06,377.59,2866.9
2025-03-06,08,153.33,299.89,3356.8
2025-03-06,09,108.50,212.21,3750.5
2025-03-06,10,79.59,155.66,3952.2
2025-03-06,11,28.64,56.01,4006.9
2025-03-06,12,5.10,9.97,2818.7
2025-03-06,13,1.23,2.41,2832.3
2025-03-06,14,0.57,1.11,3204.6
2025-03-06,15,13.16,25.74,3229.5
2025-03-06,16,73.46,143.68,2723.6
2025-03-06,17,121.21,237.07,2585.1
2025-03-06,18,220.01,430.30,2775.5
2025-03-06,19,270.00,528.07,3052.5
2025-03-06,20,259.43,507.40,3149.7
2025-03-06,21,221.80,433.80,2626.2
2025-03-06,22,162.55,317.92,2655.6
2025-03-06,23,161.80,316.45,2597.9
2025-03-06,24,128.40,251.13,3049.7
2025-03-07,01,109.86,214.87,3071.9
2025-03-07,02,108.50,212.21,3773.5
2025-03-07,03,101.95,199.40,3491.4
2025-03-07,04,103.78,202.98,3396.0
2025-03-07,05,107.42,210.10,3200.4
2025-03-07,06,129.92,254.10,3429.8
2025-03-07,07,153.30,299.83,2939.4
2025-03-07,08,151.28,295.88,3504.2
2025-03-07,09,120.04,234.78,4195.7
2025-03-07,10,30.65,59.95,4133.2
2025-03-07,11,14.04,27.46,3904.7
2025-03-07,12,12.27,24.00,3830.0
2025-03-07,13,12.79,25.02,3817.4
2025-03-07,14,8.02,15.69,2935.9
2025-03-07,15,38.15,74.61,3264.1
2025-03-07,16,94.72,185.26,2627.9
2025-03-07,17,133.66,261.42,2572.1
2025-03-07,18,163.10,319.00,2734.9
2025-03-07,19,229.94,449.72,2994.4
2025-03-07,20,197.89,387.04,2704.1
2025-03-07,21,165.89,324.45,2700.9
2025-03-07,22,138.63,271.14,3259.2
2025-03-07,23,131.17,256.55,2922.6
2025-03-07,24,128.95,252.20,2807.1
2025-03-08,01,135.70,265.41,2573.1
2025-03-08,02,129.17,252.63,3153.0
2025-03-08,03,130.89,256.00,2796.5
2025-03-08,04,127.60,249.56,2846.6
2025-03-08,05,130.07,254.39,2705.3
2025-03-08,06,140.96,275.69,2594.8
2025-03-08,07,134.04,262.16,2455.8
2025-03-08,08,123.29,241.13,2871.6
2025-03-08,09,98.04,191.75,3702.4
2025-03-08,10,28.86,56.45,4037.3
2025-03-08,11,12.88,25.19,3864.7
2025-03-08,12,2.21,4.32,2988.1
2025-03-08,13,0.52,1.02,2976.0
2025-03-08,14,0.00,0.00,3549.3
2025-03-08,15,0.07,0.14,3732.3
2025-03-08,16,59.29,115.96,3244.5
2025-03-08,17,123.55,241.64,3110.8
2025-03-08,18,168.73,330.01,2864.2
2025-03-08,19,220.88,432.00,2605.6
2025-03-08,20,217.73,425.84,2958.6
2025-03-08,21,179.86,351.78,3089.5
2025-03-08,22,168.33,329.22,3292.9
2025-03-08,23,158.17,309.35,3090.1
2025-03-08,24,122.20,239.00,3424.7
2025-03-09,01,112.60,220.23,3478.3
2025-03-09,02,110.35,215.83,3662.9
2025-03-09,03,106.96,209.20,3533.5
2025-03-09,04,107.07,209.41,3463.4
2025-03-09,05,110.35,215.83,3464.5
2025-03-09,06,112.21,219.46,3072.8
2025-03-09,07,108.53,212.27,2989.2
2025-03-09,08,96.98,189.68,2737.7
2025-03-09,09,12.79,25.02,3654.0
2025-03-09,10,7.65,14.96,3696.0
2025-03-09,11,7.64,14.94,3587.1
2025-03-09,12,0.04,0.08,3234.4
2025-03-09,13,0.04,0.08,3067.0
2025-03-09,14,-0.69,-1.35,3127.4
2025-03-09,15,0.60,1.17,2776.7
2025-03-09,16,17.39,34.01,3260.0
2025-03-09,17,104.06,203.52,3606.8
2025-03-09,18,146.11,285.77,4054.1
2025-03-09,19,153.29,299.81,3520.2
2025-03-09,20,153.30,299.83,3431.4
2025-03-09,21,143.89,281.42,3840.8
2025-03-09,22,134.59,263.24,3875.5
2025-03-09,23,116.92,228.68,3834.9
2025-03-09,24,111.67,218.41,3607.1
2025-03-10,01,99.71,195.02,3834.0
2025-03-10,02,99.04,193.71,3805.9
2025-03-10,03,98.99,193.61,3775.4
2025-03-10,04,99.04,193.71,3788.4
2025-03-10,05,102.68,200.82,3787.0
2025-03-10,06,116.61,228.07,3791.7
2025-03-10,07,154.66,302.49,3541.4
2025-03-10,08,158.87,310.72,3104.3
2025-03-10,09,106.88,209.04,4066.0
2025-03-10,10,35.35,69.14,4166.6
2025-03-10,11,34.60,67.67,3972.4
2025-03-10,12,15.00,29.34,3948.8
2025-03-10,13,15.98,31.25,3965.8
2025-03-10,14,39.54,77.33,3999.6
2025-03-10,15,75.91,148.47,3977.6
2025-03-10,16,99.81,195.21,2907.5
2025-03-10,17,131.26,256.72,2686.9
2025-03-10,18,146.11,285.77,3131.3
2025-03-10,19,174.80,341.88,3659.0
2025-03-10,20,159.42,311.80,3674.8
2025-03-10,21,141.30,276.36,3353.7
2025-03-10,22,127.91,250.17,3220.4
2025-03-10,23,107.54,210.33,3060.6
2025-03-10,24,98.50,192.65,2641.8
2025-03-11,01,105.59,206.52,2963.8
2025-03-11,02,103.10,201.65,3358.3
2025-03-11,03,100.42,196.40,3270.1
2025-03-11,04,101.50,198.52,3248.3
2025-03-11,05,104.31,204.01,3359.6
2025-03-11,06,112.55,220.13,3520.0
2025-03-11,07,143.09,279.86,2981.4
2025-03-11,08,148.61,290.66,3722.5
2025-03-11,09,144.60,282.81,4226.4
2025-03-11,10,35.35,69.14,4109.2
2025-03-11,11,14.80,28.95,3973.7
2025-03-11,12,12.78,25.00,3964.0
2025-03-11,13,13.09,25.60,3962.3
2025-03-11,14,35.34,69.12,3925.7
2025-03-11,15,103.96,203.33,4024.0
2025-03-11,16,115.11,225.14,3743.9
2025-03-11,17,137.69,269.30,3551.1
2025-03-11,18,162.56,317.94,3933.0
2025-03-11,19,194.65,380.70,4013.7
2025-03-11,20,178.18,348.49,3902.1
2025-03-11,21,148.24,289.93,3743.4
2025-03-11,22,133.90,261.89,3414.5
2025-03-11,23,122.49,239.57,2965.9
2025-03-11,24,107.49,210.23,2824.5
2025-03-12,01,101.97,199.44,3049.2
2025-03-12,02,100.53,196.62,2996.3
2025-03-12,03,98.04,191.75,3079.7
2025-03-12,04,98.03,191.73,3058.3
2025-03-12,05,103.14,201.72,3025.8
2025-03-12,06,112.62,220.27,2735.4
2025-03-12,07,139.63,273.09,2666.0
2025-03-12,08,155.60,304.33,3465.5
2025-03-12,09,145.98,285.51,3724.2
2025-03-12,10,125.00,244.48,3831.9
2025-03-12,11,102.08,199.65,4000.0
2025-03-12,12,99.56,194.72,3999.4
2025-03-12,13,98.06,191.79,3985.3
2025-03-12,14,99.57,194.74,3803.0
2025-03-12,15,101.67,198.85,3588.8
2025-03-12,16,118.85,232.45,3481.3
2025-03-12,17,137.36,268.65,3207.5
2025-03-12,18,151.28,295.88,4005.6
2025-03-12,19,192.59,376.67,4137.7
2025-03-12,20,177.87,347.88,3999.2
2025-03-12,21,140.61,275.01,3665.5
2025-03-12,22,132.20,258.56,3481.2
2025-03-12,23,120.00,234.70,3259.4
2025-03-12,24,109.91,214.97,3334.5
2025-03-13,01,107.91,211.05,3451.2
2025-03-13,02,88.56,173.21,3340.5
2025-03-13,03,74.18,145.08,3502.1
2025-03-13,04,76.00,148.64,3229.7
2025-03-13,05,88.15,172.41,3018.6
2025-03-13,06,105.89,207.10,3047.7
2025-03-13,07,133.03,260.18,3044.3
2025-03-13,08,99.64,194.88,3111.9
2025-03-13,09,35.34,69.12,3815.8
2025-03-13,10,8.43,16.49,3557.6
2025-03-13,11,0.04,0.08,3174.0
2025-03-13,12,0.04,0.08,3168.6
2025-03-13,13,0.04,0.08,3400.5
2025-03-13,14,0.20,0.39,3395.7
2025-03-13,15,12.79,25.02,3463.5
2025-03-13,16,100.26,196.09,3383.9
2025-03-13,17,122.30,239.20,2845.9
2025-03-13,18,142.18,278.08,3039.9
2025-03-13,19,166.05,324.77,3726.8
2025-03-13,20,173.47,339.28,3878.8
2025-03-13,21,149.00,291.42,3568.4
2025-03-13,22,135.69,265.39,3027.3
2025-03-13,23,115.67,226.23,2791.9
2025-03-13,24,107.34,209.94,2784.9
2025-03-14,01,109.09,213.36,2573.5
2025-03-14,02,106.00,207.32,2791.6
2025-03-14,03,105.90,207.12,2801.3
2025-03-14,04,103.83,203.07,3043.4
2025-03-14,05,105.30,205.95,3279.8
2025-03-14,06,114.12,223.20,3451.6
2025-03-14,07,143.07,279.82,3101.4
2025-03-14,08,143.97,281.58,3254.4
2025-03-14,09,35.34,69.12,3541.7
2025-03-14,10,25.91,50.68,3951.5
2025-03-14,11,12.78,25.00,3825.3
2025-03-14,12,7.87,15.39,3647.1
2025-03-14,13,8.43,16.49,3822.9
2025-03-14,14,12.79,25.02,3846.2
2025-03-14,15,35.35,69.14,3995.2
2025-03-14,16,110.32,215.77,3278.4
2025-03-14,17,126.70,247.80,3196.4
2025-03-14,18,143.00,279.68,3023.6
2025-03-14,19,152.92,299.09,3694.2
2025-03-14,20,140.00,273.82,3712.8
2025-03-14,21,130.01,254.28,3217.5
2025-03-14,22,111.39,217.86,2790.5
2025-03-14,23,114.00,222.96,3026.2
2025-03-14,24,105.17,205.69,2701.6
2025-03-15,01,112.15,219.35,2750.4
2025-03-15,02,103.14,201.72,2806.9
2025-03-15,03,96.00,187.76,2843.1
2025-03-15,04,89.90,175.83,2872.7
2025-03-15,05,86.90,169.96,2771.7
2025-03-15,06,90.55,177.10,2641.8
2025-03-15,07,97.01,189.74,2666.2
2025-03-15,08,99.42,194.45,2985.5
2025-03-15,09,24.90,48.70,3440.2
2025-03-15,10,15.02,29.38,3499.9
2025-03-15,11,8.00,15.65,3390.5
2025-03-15,12,1.50,2.93,3151.1
2025-03-15,13,5.00,9.78,3385.4
2025-03-15,14,12.26,23.98,3452.1
2025-03-15,15,39.41,77.08,3496.1
2025-03-15,16,72.58,141.95,2720.9
2025-03-15,17,86.79,169.75,2558.5
2025-03-15,18,132.49,259.13,2653.7
2025-03-15,19,145.10,283.79,2941.1
2025-03-15,20,132.96,260.05,3061.7
2025-03-15,21,121.46,237.56,2824.8
2025-03-15,22,108.50,212.21,2504.1
2025-03-15,23,105.02,205.40,2752.6
2025-03-15,24,95.25,186.29,2674.9
2025-03-16,01,90.01,176.04,2475.1
2025-03-16,02,85.79,167.79,2955.8
2025-03-16,03,79.62,155.72,2854.4
2025-03-16,04,78.18,152.91,2875.8
2025-03-16,05,78.60,153.73,2956.5
2025-03-16,06,80.51,157.46,2935.6
2025-03-16,07,85.14,166.52,2516.1
2025-03-16,08,82.07,160.51,2922.8
2025-03-16,09,77.95,152.46,3440.8
2025-03-16,10,25.00,48.90,3495.5
2025-03-16,11,12.78,25.00,3311.3
2025-03-16,12,11.13,21.77,3174.3
2025-03-16,13,6.99,13.67,2556.3
2025-03-16,14,4.45,8.70,2125.0
2025-03-16,15,8.50,16.62,2141.6
2025-03-16,16,31.00,60.63,2352.4
2025-03-16,17,72.75,142.29,2852.9
2025-03-16,18,127.67,249.70,3079.2
2025-03-16,19,137.94,269.79,2721.7
2025-03-16,20,140.00,273.82,2471.5
2025-03-16,21,126.12,246.67,3301.1
2025-03-16,22,108.64,212.48,3789.1
2025-03-16,23,101.81,199.12,3432.5
2025-03-16,24,81.61,159.62,3277.4
2025-03-17,01,81.71,159.81,3261.5
2025-03-17,02,82.10,160.57,3045.7
2025-03-17,03,80.35,157.15,2931.8
2025-03-17,04,80.91,158.25,2860.2
2025-03-17,05,85.85,167.91,2925.3
2025-03-17,06,103.30,202.04,3182.4
2025-03-17,07,135.18,264.39,2548.2
2025-03-17,08,152.87,298.99,3402.9
2025-03-17,09,136.36,266.70,3461.7
2025-03-17,10,105.77,206.87,3436.4
2025-03-17,11,82.54,161.43,3503.9
2025-03-17,12,74.45,145.61,3410.2
2025-03-17,13,64.04,125.25,3222.1
2025-03-17,14,43.68,85.43,3190.2
2025-03-17,15,50.28,98.34,3162.4
2025-03-17,16,71.05,138.96,2945.7
2025-03-17,17,104.60,204.58,3174.4
2025-03-17,18,151.29,295.90,3079.8
2025-03-17,19,171.58,335.58,3308.9
2025-03-17,20,170.00,332.49,2617.5
2025-03-17,21,141.50,276.75,3018.8
2025-03-17,22,119.51,233.74,2885.9
2025-03-17,23,108.33,211.88,2955.2
2025-03-17,24,93.50,182.87,2672.5
2025-03-18,01,92.20,180.33,2544.1
2025-03-18,02,89.99,176.01,2615.4
2025-03-18,03,91.35,178.67,2609.3
2025-03-18,04,86.94,170.04,2700.9
2025-03-18,05,88.26,172.62,2921.2
2025-03-18,06,110.89,216.88,2854.4
2025-03-18,07,139.23,272.31,3141.5
2025-03-18,08,136.68,267.32,3475.2
2025-03-18,09,97.48,190.65,3414.0
2025-03-18,10,67.02,131.08,3687.3
2025-03-18,11,30.54,59.73,4306.7
2025-03-18,12,12.77,24.98,4889.9
2025-03-18,13,7.64,14.94,4821.5
2025-03-18,14,14.32,28.01,4725.8
2025-03-18,15,14.32,28.01,4736.4
2025-03-18,16,67.28,131.59,3932.9
2025-03-18,17,106.54,208.37,3452.9
2025-03-18,18,149.27,291.95,3897.9
2025-03-18,19,172.19,336.77,3624.4
2025-03-18,20,165.89,324.45,3536.2
2025-03-18,21,144.24,282.11,3526.5
2025-03-18,22,124.52,243.54,3467.5
2025-03-18,23,118.32,231.41,3188.2
2025-03-18,24,104.38,204.15,3080.6
2025-03-19,01,110.09,215.32,2853.3
2025-03-19,02,105.83,206.99,2717.4
2025-03-19,03,104.13,203.66,2711.7
2025-03-19,04,103.58,202.58,2745.5
2025-03-19,05,108.48,212.17,2901.9
2025-03-19,06,126.49,247.39,3161.9
2025-03-19,07,162.35,317.53,3198.7
2025-03-19,08,131.53,257.25,4225.9
2025-03-19,09,57.93,113.30,4518.9
2025-03-19,10,12.78,25.00,3845.0
2025-03-19,11,8.44,16.51,3360.7
2025-03-19,12,1.42,2.78,3049.0
2025-03-19,13,0.04,0.08,3880.7
2025-03-19,14,1.15,2.25,3167.1
2025-03-19,15,3.64,7.12,3231.7
2025-03-19,16,67.70,132.41,2761.4
2025-03-19,17,133.47,261.04,3137.1
2025-03-19,18,184.40,360.66,2854.0
2025-03-19,19,280.93,549.45,3205.1
2025-03-19,20,256.00,500.69,2728.4
2025-03-19,21,214.65,419.82,2639.5
2025-03-19,22,153.29,299.81,3228.8
2025-03-19,23,134.18,262.43,3219.8
2025-03-19,24,117.77,230.34,3525.0
2025-03-20,01,126.96,248.31,3471.1
2025-03-20,02,112.83,220.68,3478.2
2025-03-20,03,105.33,206.01,3357.1
2025-03-20,04,105.99,207.30,3372.5
2025-03-20,05,120.40,235.48,3496.6
2025-03-20,06,134.33,262.73,3255.7
2025-03-20,07,152.94,299.12,3271.9
2025-03-20,08,143.43,280.52,3838.7
2025-03-20,09,90.01,176.04,3992.5
2025-03-20,10,45.00,88.01,4132.1
2025-03-20,11,12.78,25.00,3877.8
2025-03-20,12,3.42,6.69,3200.3
2025-03-20,13,0.43,0.84,3337.0
2025-03-20,14,0.65,1.27,3678.5
2025-03-20,15,17.28,33.80,3394.0
2025-03-20,16,82.32,161.00,3213.8
2025-03-20,17,124.82,244.13,2845.6
2025-03-20,18,184.84,361.52,2888.3
2025-03-20,19,326.71,638.99,2712.9
2025-03-20,20,287.54,562.38,2915.0
2025-03-20,21,185.02,361.87,3046.9
2025-03-20,22,153.29,299.81,3555.6
2025-03-20,23,135.00,264.04,3535.4
2025-03-20,24,126.40,247.22,3215.0
2025-03-21,01,130.52,255.27,2795.9
2025-03-21,02,120.49,235.66,3098.1
2025-03-21,03,117.35,229.52,2948.3
2025-03-21,04,114.81,224.55,2914.4
2025-03-21,05,118.58,231.92,2934.1
2025-03-21,06,140.94,275.65,2922.1
2025-03-21,07,168.29,329.15,2696.9
2025-03-21,08,145.00,283.60,4036.2
2025-03-21,09,101.16,197.85,3776.4
2025-03-21,10,30.22,59.11,3879.2
2025-03-21,11,12.77,24.98,3519.7
2025-03-21,12,7.00,13.69,3038.5
2025-03-21,13,1.55,3.03,2998.6
2025-03-21,14,0.20,0.39,3143.2
2025-03-21,15,5.98,11.70,3145.6
2025-03-21,16,59.73,116.82,3150.5
2025-03-21,17,120.98,236.62,2590.3
2025-03-21,18,153.30,299.83,2497.7
2025-03-21,19,225.21,440.47,2519.0
2025-03-21,20,189.14,369.93,2808.9
2025-03-21,21,160.32,313.56,2665.3
2025-03-21,22,148.18,289.81,3362.5
2025-03-21,23,135.85,265.70,3300.0
2025-03-21,24,125.15,244.77,3623.1
2025-03-22,01,101.20,197.93,3697.6
2025-03-22,02,91.07,178.12,3636.3
2025-03-22,03,99.05,193.72,3611.5
2025-03-22,04,97.45,190.60,3503.8
2025-03-22,05,100.51,196.58,3537.4
2025-03-22,06,104.91,205.19,3494.2
2025-03-22,07,88.41,172.91,3589.8
2025-03-22,08,69.32,135.58,2884.6
2025-03-22,09,54.62,106.83,3210.7
2025-03-22,10,45.39,88.78,3394.9
2025-03-22,11,20.00,39.12,3538.4
2025-03-22,12,12.78,25.00,3312.2
2025-03-22,13,13.03,25.48,3278.8
2025-03-22,14,39.60,77.45,3366.9
2025-03-22,15,52.84,103.35,2997.9
2025-03-22,16,80.00,156.47,2740.4
2025-03-22,17,122.41,239.41,2880.5
2025-03-22,18,126.77,247.94,3388.5
2025-03-22,19,131.15,256.51,2541.3
2025-03-22,20,128.50,251.32,2541.0
2025-03-22,21,122.80,240.18,3367.9
2025-03-22,22,79.57,155.63,3515.6
2025-03-22,23,74.85,146.39,3785.5
2025-03-22,24,60.66,118.64,3846.0
2025-03-23,01,33.30,65.13,3901.6
2025-03-23,02,34.08,66.65,3799.5
2025-03-23,03,42.12,82.38,3744.4
2025-03-23,04,40.93,80.05,3722.1
2025-03-23,05,40.67,79.54,3773.1
2025-03-23,06,40.44,79.09,3710.9
2025-03-23,07,41.65,81.46,3350.9
2025-03-23,08,34.49,67.46,2850.1
2025-03-23,09,12.71,24.86,2645.9
2025-03-23,10,13.62,26.64,3021.7
2025-03-23,11,13.78,26.95,2963.6
2025-03-23,12,9.60,18.78,3124.4
2025-03-23,13,13.49,26.38,3018.9
2025-03-23,14,5.01,9.80,3411.1
2025-03-23,15,11.46,22.41,3752.4
2025-03-23,16,43.08,84.26,3713.9
2025-03-23,17,88.57,173.23,3566.7
2025-03-23,18,127.74,249.84,2450.3
2025-03-23,19,143.92,281.48,2277.3
2025-03-23,20,143.58,280.82,2267.6
2025-03-23,21,129.75,253.77,2358.2
2025-03-23,22,128.90,252.11,2670.4
2025-03-23,23,126.66,247.73,2674.2
2025-03-23,24,114.24,223.43,2256.9
2025-03-24,01,97.54,190.77,2427.9
2025-03-24,02,104.28,203.95,2377.8
2025-03-24,03,100.36,196.29,2500.3
2025-03-24,04,98.97,193.57,2409.6
2025-03-24,05,102.23,199.94,2435.9
2025-03-24,06,120.34,235.36,2421.1
2025-03-24,07,142.45,278.61,3120.5
2025-03-24,08,164.33,321.40,3347.3
2025-03-24,09,162.31,317.45,3602.2
2025-03-24,10,135.77,265.54,3475.4
2025-03-24,11,111.48,218.04,2902.2
2025-03-24,12,109.59,214.34,2709.2
2025-03-24,13,104.45,204.29,2851.0
2025-03-24,14,106.94,209.16,2520.0
2025-03-24,15,115.14,225.19,2635.0
2025-03-24,16,123.77,242.07,2693.3
2025-03-24,17,135.27,264.57,2878.3
2025-03-24,18,155.11,303.37,3219.7
2025-03-24,19,212.52,415.65,3440.7
2025-03-24,20,193.26,377.98,3452.5
2025-03-24,21,161.98,316.81,3391.5
2025-03-24,22,139.40,272.64,3103.2
2025-03-24,23,126.42,247.26,2768.3
2025-03-24,24,115.56,226.02,2815.9
2025-03-25,01,95.99,187.74,3083.5
2025-03-25,02,102.29,200.06,2409.3
2025-03-25,03,100.77,197.09,2390.7
2025-03-25,04,104.48,204.35,2418.0
2025-03-25,05,104.11,203.62,2547.7
2025-03-25,06,109.29,213.75,2421.1
2025-03-25,07,139.13,272.11,3050.1
2025-03-25,08,143.29,280.25,3500.6
2025-03-25,09,138.07,270.04,3473.1
2025-03-25,10,114.78,224.49,2924.4
2025-03-25,11,106.98,209.23,2542.0
2025-03-25,12,100.34,196.25,2588.5
2025-03-25,13,94.54,184.90,2691.2
2025-03-25,14,95.68,187.13,2807.0
2025-03-25,15,110.34,215.81,2862.9
2025-03-25,16,134.24,262.55,2854.0
2025-03-25,17,147.63,288.74,2426.9
2025-03-25,18,175.04,342.35,2375.7
2025-03-25,19,188.87,369.40,2450.0
2025-03-25,20,174.33,340.96,2364.9
2025-03-25,21,148.60,290.64,2313.0
2025-03-25,22,139.93,273.68,2249.2
2025-03-25,23,127.15,248.68,2483.7
2025-03-25,24,102.05,199.59,2635.3
2025-03-26,01,101.02,197.58,2293.5
2025-03-26,02,98.71,193.06,2603.3
2025-03-26,03,98.54,192.73,2872.8
2025-03-26,04,100.17,195.92,2817.0
2025-03-26,05,103.19,201.82,2718.2
2025-03-26,06,112.65,220.32,2501.6
2025-03-26,07,136.06,266.11,2373.8
2025-03-26,08,150.00,293.37,2723.6
2025-03-26,09,137.79,269.49,3070.0
2025-03-26,10,112.03,219.11,2547.8
2025-03-26,11,100.14,195.86,2413.2
2025-03-26,12,96.85,189.42,2569.1
2025-03-26,13,95.05,185.90,2544.7
2025-03-26,14,85.69,167.60,2714.2
2025-03-26,15,99.28,194.17,2621.2
2025-03-26,16,103.78,202.98,2529.2
2025-03-26,17,121.65,237.93,2636.8
2025-03-26,18,146.42,286.37,2762.3
2025-03-26,19,168.38,329.32,3079.6
2025-03-26,20,173.64,339.61,2396.8
2025-03-26,21,157.65,308.34,2502.4
2025-03-26,22,131.93,258.03,2770.6
2025-03-26,23,124.94,244.36,2302.5
2025-03-26,24,110.70,216.51,2150.6
2025-03-27,01,105.16,205.68,2543.3
2025-03-27,02,99.41,194.43,2692.1
2025-03-27,03,97.98,191.63,2767.7
2025-03-27,04,99.28,194.17,2694.8
2025-03-27,05,98.38,192.41,2731.8
2025-03-27,06,105.66,206.65,2711.7
2025-03-27,07,131.58,257.35,2570.0
2025-03-27,08,140.63,275.05,2973.0
2025-03-27,09,123.50,241.55,2927.0
2025-03-27,10,89.92,175.87,2406.9
2025-03-27,11,82.98,162.29,3160.0
2025-03-27,12,45.67,89.32,3159.2
2025-03-27,13,44.24,86.53,3571.2
2025-03-27,14,57.15,111.78,3506.4
2025-03-27,15,100.00,195.58,3491.5
2025-03-27,16,105.19,205.73,3101.2
2025-03-27,17,123.62,241.78,3194.3
2025-03-27,18,135.25,264.53,2509.3
2025-03-27,19,200.06,391.28,2900.2
2025-03-27,20,204.43,399.83,3011.0
2025-03-27,21,144.95,283.50,3045.2
2025-03-27,22,124.97,244.42,2983.5
2025-03-27,23,113.59,222.16,3121.4
2025-03-27,24,101.20,197.93,2729.3
2025-03-28,01,91.36,178.68,3202.8
2025-03-28,02,79.44,155.37,3162.4
2025-03-28,03,79.02,154.55,3093.1
2025-03-28,04,79.59,155.66,3160.4
2025-03-28,05,80.13,156.72,3374.4
2025-03-28,06,108.98,213.15,3467.4
2025-03-28,07,128.68,251.68,3173.5
2025-03-28,08,122.20,239.00,2729.2
2025-03-28,09,102.08,199.65,2672.8
2025-03-28,10,70.00,136.91,2985.5
2025-03-28,11,64.53,126.21,2700.0
2025-03-28,12,31.55,61.71,2813.3
2025-03-28,13,46.78,91.49,2896.3
2025-03-28,14,65.04,127.21,2839.7
2025-03-28,15,70.03,136.97,2889.5
2025-03-28,16,104.03,203.46,2737.3
2025-03-28,17,110.09,215.32,2633.5
2025-03-28,18,134.72,263.49,3090.2
2025-03-28,19,166.64,325.92,3199.9
2025-03-28,20,166.05,324.77,2879.9
2025-03-28,21,150.99,295.31,2642.9
2025-03-28,22,127.70,249.76,2613.5
2025-03-28,23,120.63,235.93,2848.5
2025-03-28,24,111.45,217.98,2575.2
2025-03-29,01,104.81,204.99,2452.8
2025-03-29,02,93.06,182.01,2620.7
2025-03-29,03,82.44,161.24,2493.1
2025-03-29,04,82.44,161.24,2409.1
2025-03-29,05,94.60,185.02,2437.7
2025-03-29,06,95.18,186.16,2219.6
2025-03-29,07,20.00,39.12,2152.1
2025-03-29,08,90.00,176.02,2749.3
2025-03-29,09,85.00,166.25,2569.7
2025-03-29,10,80.00,156.47,2558.4
2025-03-29,11,86.67,169.51,2730.7
2025-03-29,12,90.00,176.02,2855.0
2025-03-29,13,86.20,168.59,2674.3
2025-03-29,14,73.60,143.95,2402.3
2025-03-29,15,84.77,165.80,2105.0
2025-03-29,16,89.94,175.91,2199.6
2025-03-29,17,113.97,222.91,2491.0
2025-03-29,18,128.11,250.56,2359.4
2025-03-29,19,158.10,309.22,2374.1
2025-03-29,20,160.00,312.93,2386.1
2025-03-29,21,131.99,258.15,2470.4
2025-03-29,22,108.31,211.84,3645.3
2025-03-29,23,86.98,170.12,3439.8
2025-03-29,24,69.58,136.09,3216.8
2025-03-30,01,46.24,90.44,3460.3
2025-03-30,02,15.88,31.06,3458.7
2025-03-30,04,5.09,9.96,3521.3
2025-03-30,05,1.20,2.35,3487.4
2025-03-30,06,0.09,0.18,3507.2
2025-03-30,07,1.23,2.41,3525.5
2025-03-30,08,1.31,2.56,3517.0
2025-03-30,09,1.95,3.81,3536.7
2025-03-30,10,0.13,0.25,3698.6
2025-03-30,11,0.00,0.00,3715.1
2025-03-30,12,-4.47,-8.74,3865.7
2025-03-30,13,-16.16,-31.61,3811.6
2025-03-30,14,-23.53,-46.02,3746.2
2025-03-30,15,-10.05,-19.66,3707.3
2025-03-30,16,-0.80,-1.56,3625.1
2025-03-30,17,0.00,0.00,3681.9
2025-03-30,18,47.59,93.08,3592.0
2025-03-30,19,156.96,306.99,3151.6
2025-03-30,20,225.59,441.22,3110.8
2025-03-30,21,190.00,371.61,3286.7
2025-03-30,22,127.74,249.84,3662.7
2025-03-30,23,90.41,176.83,3704.9
2025-03-30,24,116.53,227.91,3454.2
2025-03-31,01,73.97,144.67,3363.3
2025-03-31,02,65.79,128.67,3318.1
2025-03-31,03,66.03,129.14,3364.0
2025-03-31,04,69.94,136.79,3374.1
2025-03-31,05,73.09,142.95,3398.6
2025-03-31,06,99.15,193.92,3362.2
2025-03-31,07,205.45,401.83,3287.8
2025-03-31,08,241.32,471.98,3081.3
2025-03-31,09,176.96,346.10,3227.8
2025-03-31,10,136.96,267.87,3228.9
2025-03-31,11,113.73,222.44,3076.4
2025-03-31,12,104.54,204.46,3034.9
2025-03-31,13,92.13,180.19,3032.1
2025-03-31,14,85.43,167.09,3114.3
2025-03-31,15,77.28,151.15,3034.3
2025-03-31,16,75.11,146.90,3138.5
2025-03-31,17,94.76,185.33,2968.3
2025-03-31,18,120.21,235.11,2922.2
2025-03-31,19,143.96,281.56,2588.9
2025-03-31,20,235.29,460.19,2502.3
2025-03-31,21,205.45,401.83,2551.9
2025-03-31,22,136.58,267.13,2681.7
2025-03-31,23,116.07,227.01,2483.5
2025-03-31,24,102.62,200.71,2568.4
2025-04-01,01,102.41,200.30,2129.3
2025-04-01,02,96.44,188.62,2395.3
2025-04-01,03,94.49,184.81,2309.8
2025-04-01,04,95.80,187.37,2168.4
2025-04-01,05,93.51,182.89,2194.4
2025-04-01,06,103.10,201.65,2353.7
2025-04-01,07,132.16,258.48,2547.3
2025-04-01,08,176.76,345.71,2936.1
2025-04-01,09,159.37,311.70,2578.6
2025-04-01,10,109.88,214.91,3048.1
2025-04-01,11,89.01,174.09,3189.5
2025-04-01,12,76.17,148.98,3641.5
2025-04-01,13,65.13,127.38,3708.4
2025-04-01,14,43.53,85.14,3900.0
2025-04-01,15,47.16,92.24,3684.9
2025-04-01,16,57.24,111.95,3589.9
2025-04-01,17,89.33,174.71,3729.3
2025-04-01,18,110.14,215.42,3784.1
2025-04-01,19,142.60,278.90,3349.6
2025-04-01,20,170.97,334.39,2876.6
2025-04-01,21,153.29,299.81,3689.4
2025-04-01,22,114.70,224.33,3501.9
2025-04-01,23,98.06,191.79,3635.2
2025-04-01,24,80.95,158.32,3308.5
2025-04-02,01,70.21,137.32,3159.6
2025-04-02,02,70.00,136.91,3084.4
2025-04-02,03,69.94,136.79,3104.2
2025-04-02,04,71.58,140.00,3123.4
2025-04-02,05,72.63,142.05,3177.9
2025-04-02,06,86.19,168.57,3363.7
2025-04-02,07,120.31,235.31,3556.6
2025-04-02,08,154.82,302.80,3544.0
2025-04-02,09,126.03,246.49,3492.1
2025-04-02,10,86.14,168.48,3807.7
2025-04-02,11,65.58,128.26,3759.8
2025-04-02,12,47.84,93.57,3730.3
2025-04-02,13,46.34,90.63,3986.1
2025-04-02,14,44.20,86.45,3887.1
2025-04-02,15,44.67,87.37,3811.1
2025-04-02,16,70.32,137.53,3121.5
2025-04-02,17,84.45,165.17,2822.0
2025-04-02,18,108.50,212.21,2859.9
2025-04-02,19,117.77,230.34,2924.0
2025-04-02,20,153.29,299.81,2914.6
2025-04-02,21,135.12,264.27,3548.8
2025-04-02,22,108.66,212.52,3792.8
2025-04-02,23,90.05,176.12,3682.9
2025-04-02,24,75.22,147.12,3370.4
2025-04-03,01,73.09,142.95,2752.4
2025-04-03,02,76.64,149.89,2951.4
2025-04-03,03,72.26,141.33,2771.3
2025-04-03,04,72.05,140.92,2703.1
2025-04-03,05,78.95,154.41,2687.1
2025-04-03,06,102.82,201.10,2665.7
2025-04-03,07,141.51,276.77,2823.8
2025-04-03,08,165.94,324.55,2900.1
2025-04-03,09,133.30,260.71,3307.7
2025-04-03,10,79.11,154.73,3130.2
2025-04-03,11,41.38,80.93,3040.9
2025-04-03,12,3.10,6.06,3860.7
2025-04-03,13,0.04,0.08,3780.6
2025-04-03,14,0.60,1.17,3872.2
2025-04-03,15,5.11,9.99,3859.4
2025-04-03,16,8.43,16.49,3546.6
2025-04-03,17,43.96,85.98,3154.3
2025-04-03,18,95.00,185.80,3492.2
2025-04-03,19,146.51,286.55,3379.5
2025-04-03,20,195.91,383.17,2955.2
2025-04-03,21,185.07,361.97,2571.0
2025-04-03,22,143.86,281.37,3028.1
2025-04-03,23,115.56,226.02,2935.2
2025-04-03,24,106.49,208.28,2641.6
2025-04-04,01,111.09,217.27,2506.1
2025-04-04,02,106.13,207.57,2648.3
2025-04-04,03,106.69,208.67,2449.0
2025-04-04,04,106.76,208.80,2386.6
2025-04-04,05,110.09,215.32,2470.8
2025-04-04,06,116.21,227.29,2742.2
2025-04-04,07,157.53,308.10,2722.3
2025-04-04,08,184.66,361.16,2905.8
2025-04-04,09,141.75,277.24,3400.7
2025-04-04,10,96.61,188.95,3159.2
2025-04-04,11,65.42,127.95,3272.0
2025-04-04,12,7.82,15.29,3787.2
2025-04-04,13,0.00,0.00,3914.2
2025-04-04,14,0.00,0.00,4019.2
2025-04-04,15,0.00,0.00,4047.6
2025-04-04,16,1.60,3.13,4083.0
2025-04-04,17,55.00,107.57,3378.0
2025-04-04,18,110.35,215.83,2882.2
2025-04-04,19,131.75,257.68,2888.0
2025-04-04,20,178.74,349.59,2793.6
2025-04-04,21,169.59,331.69,2506.3
2025-04-04,22,138.32,270.53,2877.7
2025-04-04,23,137.16,268.26,3019.8
2025-04-04,24,112.65,220.32,3130.1
2025-04-05,01,124.51,243.52,2955.1
2025-04-05,02,117.36,229.54,3152.1
2025-04-05,03,110.34,215.81,3124.1
2025-04-05,04,108.34,211.89,3117.2
2025-04-05,05,107.94,211.11,3130.8
2025-04-05,06,108.70,212.60,3110.6
2025-04-05,07,120.58,235.83,2856.2
2025-04-05,08,116.55,227.95,2565.2
2025-04-05,09,102.20,199.89,2557.3
2025-04-05,10,57.79,113.03,2760.7
2025-04-05,11,0.66,1.29,3251.9
2025-04-05,12,-0.80,-1.56,3757.0
2025-04-05,13,-13.68,-26.76,3567.7
2025-04-05,14,-13.69,-26.78,3590.8
2025-04-05,15,-4.02,-7.86,3550.6
2025-04-05,16,0.00,0.00,3626.7
2025-04-05,17,10.05,19.66,3379.0
2025-04-05,18,45.89,89.75,3265.0
2025-04-05,19,87.33,170.80,3157.8
2025-04-05,20,158.57,310.14,3090.9
2025-04-05,21,134.61,263.27,2587.5
2025-04-05,22,101.33,198.18,3474.3
2025-04-05,23,78.99,154.49,3452.5
2025-04-05,24,68.75,134.46,3393.0
2025-04-06,01,70.45,137.79,3482.8
2025-04-06,02,62.18,121.61,3236.0
2025-04-06,03,64.25,125.66,3016.7
2025-04-06,04,70.54,137.96,3040.8
2025-04-06,05,72.49,141.78,3013.7
2025-04-06,06,80.34,157.13,3056.1
2025-04-06,07,79.59,155.66,3118.4
2025-04-06,08,81.13,158.68,2279.9
2025-04-06,09,38.34,74.99,3161.0
2025-04-06,10,0.10,0.20,3237.6
2025-04-06,11,0.00,0.00,4546.7
2025-04-06,12,0.00,0.00,4604.3
2025-04-06,13,0.00,0.00,4553.0
2025-04-06,14,0.00,0.00,4518.5
2025-04-06,15,0.00,0.00,4480.9
2025-04-06,16,0.00,0.00,4301.9
2025-04-06,17,1.12,2.19,4034.4
2025-04-06,18,75.15,146.98,3927.7
2025-04-06,19,141.13,276.03,2875.5
2025-04-06,20,153.30,299.83,2882.6
2025-04-06,21,144.90,283.40,2875.1
2025-04-06,22,125.67,245.79,3004.2
2025-04-06,23,114.51,223.96,3242.0
2025-04-06,24,102.15,199.79,3173.4
2025-04-07,01,89.64,175.32,2876.4
2025-04-07,02,88.28,172.66,2980.7
2025-04-07,03,84.66,165.58,2892.9
2025-04-07,04,86.88,169.92,2828.6
2025-04-07,05,88.60,173.29,3050.4
2025-04-07,06,102.06,199.61,3420.3
2025-04-07,07,132.38,258.91,3145.7
2025-04-07,08,176.93,346.05,2819.5
2025-04-07,09,144.41,282.44,3072.2
2025-04-07,10,108.67,212.54,3193.5
2025-04-07,11,84.64,165.54,3409.9
2025-04-07,12,64.81,126.76,3960.6
2025-04-07,13,44.50,87.03,4193.9
2025-04-07,14,46.34,90.63,4016.2
2025-04-07,15,61.10,119.50,3950.8
2025-04-07,16,77.54,151.66,3887.3
2025-04-07,17,94.13,184.10,3593.6
2025-04-07,18,116.70,228.25,3524.8
2025-04-07,19,166.99,326.60,3725.2
2025-04-07,20,229.99,449.82,3223.1
2025-04-07,21,199.38,389.95,3371.1
2025-04-07,22,153.29,299.81,3963.6
2025-04-07,23,130.01,254.28,4138.8
2025-04-07,24,112.57,220.17,3758.8
2025-04-08,01,95.06,185.92,3182.6
2025-04-08,02,90.10,176.22,3296.3
2025-04-08,03,90.91,177.80,3076.8
2025-04-08,04,92.68,181.27,2824.1
2025-04-08,05,94.77,185.35,2835.1
2025-04-08,06,110.59,216.30,3361.2
2025-04-08,07,153.29,299.81,3657.8
2025-04-08,08,180.97,353.95,3083.5
2025-04-08,09,136.77,267.50,3914.9
2025-04-08,10,91.31,178.59,4007.5
2025-04-08,11,67.02,131.08,4171.8
2025-04-08,12,71.33,139.51,4046.4
2025-04-08,13,47.59,93.08,3809.1
2025-04-08,14,43.43,84.94,3545.2
2025-04-08,15,56.46,110.43,3213.1
2025-04-08,16,85.00,166.25,3343.0
2025-04-08,17,108.70,212.60,3193.0
2025-04-08,18,112.85,220.72,3673.9
2025-04-08,19,197.66,386.59,3779.1
2025-04-08,20,262.70,513.80,3226.5
2025-04-08,21,250.43,489.80,3181.4
2025-04-08,22,153.30,299.83,3655.5
2025-04-08,23,128.33,250.99,4168.8
2025-04-08,24,112.67,220.36,3715.0
2025-04-09,01,117.95,230.69,3450.1
2025-04-09,02,112.99,220.99,3534.7
2025-04-09,03,108.69,212.58,3370.9
2025-04-09,04,107.47,210.19,3297.0
2025-04-09,05,113.57,222.12,3437.6
2025-04-09,06,129.24,252.77,3438.8
2025-04-09,07,164.02,320.80,3063.4
2025-04-09,08,177.50,347.16,2952.6
2025-04-09,09,122.51,239.61,4163.0
2025-04-09,10,93.66,183.18,3966.3
2025-04-09,11,85.47,167.16,3790.9
2025-04-09,12,64.38,125.92,3546.9
2025-04-09,13,15.16,29.65,3989.4
2025-04-09,14,17.86,34.93,3975.4
2025-04-09,15,60.00,117.35,3735.6
2025-04-09,16,80.00,156.47,3307.9
2025-04-09,17,108.69,212.58,2841.7
2025-04-09,18,138.66,271.20,3258.3
2025-04-09,19,210.52,411.74,3554.0
2025-04-09,20,308.00,602.40,3059.2
2025-04-09,21,302.32,591.29,3198.5
2025-04-09,22,203.13,397.29,3596.3
2025-04-09,23,175.00,342.27,3664.5
2025-04-09,24,119.96,234.62,4195.7
2025-04-10,01,114.56,224.06,3782.7
2025-04-10,02,102.26,200.00,3892.8
2025-04-10,03,98.63,192.90,3745.2
2025-04-10,04,97.21,190.13,3805.7
2025-04-10,05,107.37,210.00,3916.1
2025-04-10,06,122.83,240.23,4210.9
2025-04-10,07,153.30,299.83,3740.9
2025-04-10,08,177.67,347.49,3202.9
2025-04-10,09,138.19,270.28,3832.9
2025-04-10,10,63.55,124.29,4043.8
2025-04-10,11,46.34,90.63,4360.7
2025-04-10,12,37.15,72.66,4088.5
2025-04-10,13,16.66,32.58,3460.1
2025-04-10,14,2.48,4.85,3914.0
2025-04-10,15,0.09,0.18,4316.3
2025-04-10,16,2.22,4.34,4385.2
2025-04-10,17,68.08,133.15,4006.0
2025-04-10,18,83.00,162.33,4148.9
2025-04-10,19,117.24,229.30,4293.0
2025-04-10,20,165.35,323.40,3848.9
2025-04-10,21,174.89,342.06,3830.0
2025-04-10,22,136.67,267.30,4615.6
2025-04-10,23,115.89,226.66,4600.1
2025-04-10,24,85.32,166.87,4312.3
2025-04-11,01,79.33,155.16,3936.2
2025-04-11,02,75.56,147.78,3787.6
2025-04-11,03,67.40,131.82,3309.7
2025-04-11,04,68.43,133.84,3417.4
2025-04-11,05,76.37,149.37,3540.3
2025-04-11,06,85.56,167.34,4117.4
2025-04-11,07,110.93,216.96,3875.8
2025-04-11,08,112.00,219.05,3304.5
2025-04-11,09,70.32,137.53,3768.8
2025-04-11,10,62.57,122.38,4121.4
2025-04-11,11,11.29,22.08,3696.3
2025-04-11,12,0.28,0.55,3711.6
2025-04-11,13,0.00,0.00,4157.5
2025-04-11,14,0.00,0.00,4170.6
2025-04-11,15,0.00,0.00,4264.3
2025-04-11,16,0.01,0.02,4267.4
2025-04-11,17,47.06,92.04,3691.2
2025-04-11,18,95.00,185.80,3553.7
2025-04-11,19,150.70,294.74,3775.8
2025-04-11,20,215.20,420.89,3080.4
2025-04-11,21,206.31,403.51,2782.3
2025-04-11,22,171.23,334.90,2805.5
2025-04-11,23,145.87,285.30,3646.5
2025-04-11,24,110.02,215.18,3415.0
2025-04-12,01,111.15,217.39,2713.1
2025-04-12,02,107.80,210.84,2869.7
2025-04-12,03,104.08,203.56,2861.0
2025-04-12,04,102.09,199.67,2733.0
2025-04-12,05,102.98,201.41,2869.9
2025-04-12,06,103.88,203.17,3205.5
2025-04-12,07,111.07,217.23,3470.7
2025-04-12,08,106.49,208.28,3406.0
2025-04-12,09,98.42,192.49,2598.4
2025-04-12,10,68.98,134.91,2440.2
2025-04-12,11,20.19,39.49,3152.1
2025-04-12,12,0.00,0.00,4084.0
2025-04-12,13,-7.94,-15.53,3907.8
2025-04-12,14,-13.46,-26.33,3796.1
2025-04-12,15,-5.12,-10.01,3811.0
2025-04-12,16,0.00,0.00,3812.5
2025-04-12,17,8.44,16.51,3703.2
2025-04-12,18,87.15,170.45,3655.0
2025-04-12,19,121.21,237.07,3388.5
2025-04-12,20,195.49,382.35,2816.1
2025-04-12,21,206.96,404.78,2488.4
2025-04-12,22,153.29,299.81,3188.9
2025-04-12,23,135.86,265.72,3561.1
2025-04-12,24,111.64,218.35,3607.5
2025-04-13,01,106.59,208.47,3222.4
2025-04-13,02,85.00,166.25,3535.8
2025-04-13,03,64.29,125.74,3307.6
2025-04-13,04,66.39,129.85,3274.5
2025-04-13,05,66.22,129.52,3369.1
2025-04-13,06,68.33,133.64,3485.9
2025-04-13,07,61.30,119.89,3355.7
2025-04-13,08,27.75,54.27,2900.9
2025-04-13,09,13.19,25.80,2745.0
2025-04-13,10,8.43,16.49,2673.5
2025-04-13,11,0.00,0.00,2835.8
2025-04-13,12,-0.02,-0.04,2980.4
2025-04-13,13,-3.72,-7.28,2953.9
2025-04-13,14,-18.84,-36.85,2919.1
2025-04-13,15,-25.38,-49.64,2958.1
2025-04-13,16,-9.93,-19.42,3061.9
2025-04-13,17,-0.01,-0.02,3007.7
2025-04-13,18,64.84,126.82,2991.4
2025-04-13,19,108.05,211.33,3372.9
2025-04-13,20,152.78,298.81,3631.4
2025-04-13,21,126.00,246.43,3698.9
2025-04-13,22,153.30,299.83,3328.2
2025-04-13,23,106.53,208.35,3659.2
2025-04-13,24,98.38,192.41,3658.6
2025-04-14,01,91.70,179.35,3536.1
2025-04-14,02,86.50,169.18,3478.7
2025-04-14,03,85.75,167.71,3346.8
2025-04-14,04,86.09,168.38,3280.6
2025-04-14,05,88.89,173.85,3410.0
2025-04-14,06,107.44,210.13,3803.4
2025-04-14,07,124.44,243.38,3645.8
2025-04-14,08,153.49,300.20,3008.1
2025-04-14,09,144.23,282.09,2792.6
2025-04-14,10,112.21,219.46,2882.3
2025-04-14,11,103.48,202.39,3130.5
2025-04-14,12,101.98,199.46,2961.7
2025-04-14,13,100.03,195.64,3055.1
2025-04-14,14,88.11,172.33,3417.8
2025-04-14,15,80.12,156.70,3339.2
2025-04-14,16,89.60,175.24,3037.2
2025-04-14,17,108.01,211.25,3034.8
2025-04-14,18,112.52,220.07,3372.7
2025-04-14,19,141.37,276.50,3685.7
2025-04-14,20,186.41,364.59,3471.5
2025-04-14,21,172.07,336.54,3424.6
2025-04-14,22,114.35,223.65,3690.0
2025-04-14,23,95.01,185.82,3866.5
2025-04-14,24,84.11,164.50,3852.6
2025-04-15,01,83.12,162.57,3741.3
2025-04-15,02,81.41,159.22,3612.5
2025-04-15,03,75.17,147.02,3610.8
2025-04-15,04,73.24,143.24,3623.3
2025-04-15,05,75.65,147.96,3634.2
2025-04-15,06,95.27,186.33,3769.3
2025-04-15,07,115.30,225.51,3478.0
2025-04-15,08,125.03,244.54,3248.2
2025-04-15,09,111.19,217.47,3402.5
2025-04-15,10,112.33,219.70,3138.2
2025-04-15,11,99.29,194.19,3306.0
2025-04-15,12,95.48,186.74,3208.6
2025-04-15,13,100.45,196.46,2815.3
2025-04-15,14,94.76,185.33,3180.2
2025-04-15,15,94.75,185.31,3246.6
2025-04-15,16,99.47,194.55,3191.6
2025-04-15,17,108.69,212.58,3242.3
2025-04-15,18,108.20,211.62,3811.6
2025-04-15,19,111.76,218.58,3755.3
2025-04-15,20,150.77,294.88,3698.3
2025-04-15,21,153.20,299.63,3719.8
2025-04-15,22,116.14,227.15,3685.0
2025-04-15,23,111.19,217.47,3924.2
2025-04-15,24,102.23,199.94,3742.8
2025-04-16,01,91.30,178.57,3705.9
2025-04-16,02,86.06,168.32,3685.2
2025-04-16,03,86.34,168.87,3689.0
2025-04-16,04,94.76,185.33,3648.7
2025-04-16,05,99.42,194.45,3530.2
2025-04-16,06,105.85,207.02,3802.3
2025-04-16,07,126.90,248.19,3706.3
2025-04-16,08,135.60,265.21,2819.3
2025-04-16,09,109.94,215.02,2883.0
2025-04-16,10,53.88,105.38,3277.3
2025-04-16,11,11.20,21.91,3038.4
2025-04-16,12,3.00,5.87,3456.6
2025-04-16,13,0.04,0.08,3186.2
2025-04-16,14,0.00,0.00,3609.4
2025-04-16,15,0.02,0.04,3582.4
2025-04-16,16,11.57,22.63,3074.0
2025-04-16,17,63.49,124.18,2995.9
2025-04-16,18,96.36,188.46,3102.2
2025-04-16,19,118.40,231.57,3404.0
2025-04-16,20,165.33,323.36,3367.8
2025-04-16,21,167.99,328.56,3282.7
2025-04-16,22,122.63,239.84,3330.1
2025-04-16,23,110.40,215.92,3612.0
2025-04-16,24,98.59,192.83,3659.2
2025-04-17,01,91.55,179.06,3450.6
2025-04-17,02,86.35,168.89,3390.4
2025-04-17,03,84.87,165.99,3221.8
2025-04-17,04,84.06,164.41,3138.6
2025-04-17,05,85.78,167.77,3350.7
2025-04-17,06,92.57,181.05,3743.1
2025-04-17,07,110.75,216.61,3134.7
2025-04-17,08,123.48,241.51,2777.7
2025-04-17,09,90.37,176.75,3084.8
2025-04-17,10,51.64,101.00,3603.8
2025-04-17,11,27.56,53.90,3514.6
2025-04-17,12,14.81,28.97,3388.7
2025-04-17,13,8.99,17.58,2865.0
2025-04-17,14,5.11,9.99,2793.5
2025-04-17,15,12.78,25.00,2953.2
2025-04-17,16,73.76,144.26,2830.1
2025-04-17,17,89.64,175.32,2707.0
2025-04-17,18,101.89,199.28,3077.6
2025-04-17,19,115.84,226.56,2966.6
2025-04-17,20,133.88,261.85,3088.9
2025-04-17,21,125.47,245.40,3313.5
2025-04-17,22,113.95,222.87,3224.0
2025-04-17,23,98.90,193.43,3429.1
2025-04-17,24,96.89,189.50,3266.9
2025-04-18,01,90.14,176.30,3154.0
2025-04-18,02,81.53,159.46,2977.8
2025-04-18,03,78.41,153.36,2869.4
2025-04-18,04,78.00,152.55,2816.6
2025-04-18,05,78.96,154.43,2835.1
2025-04-18,06,78.41,153.36,3348.5
2025-04-18,07,80.72,157.87,3392.7
2025-04-18,08,85.74,167.69,2469.9
2025-04-18,09,86.99,170.14,3041.8
2025-04-18,10,46.33,90.61,3623.7
2025-04-18,11,51.32,100.37,3479.6
2025-04-18,12,26.00,50.85,3565.3
2025-04-18,13,44.43,86.90,3669.2
2025-04-18,14,37.97,74.26,3546.5
2025-04-18,15,36.87,72.11,3361.8
2025-04-18,16,45.20,88.40,3153.6
2025-04-18,17,80.13,156.72,2567.4
2025-04-18,18,94.63,185.08,2299.1
2025-04-18,19,108.69,212.58,2817.8
2025-04-18,20,129.59,253.46,2223.0
2025-04-18,21,139.68,273.19,2455.3
2025-04-18,22,120.66,235.99,2652.4
2025-04-18,23,111.51,218.09,3258.9
2025-04-18,24,104.03,203.46,2760.4
2025-04-19,01,94.00,183.85,2564.5
2025-04-19,02,83.87,164.04,2582.6
2025-04-19,03,88.45,172.99,2398.6
2025-04-19,04,86.62,169.41,2362.4
2025-04-19,05,89.06,174.19,2519.9
2025-04-19,06,95.50,186.78,2467.8
2025-04-19,07,100.20,195.97,2183.6
2025-04-19,08,96.54,188.82,2427.0
2025-04-19,09,82.65,161.65,2989.3
2025-04-19,10,54.69,106.96,2944.5
2025-04-19,11,15.53,30.37,2615.1
2025-04-19,12,4.54,8.88,2400.4
2025-04-19,13,0.00,0.00,2342.9
2025-04-19,14,-2.54,-4.97,2246.5
2025-04-19,15,-6.15,-12.03,2270.4
2025-04-19,16,-0.74,-1.45,2527.2
2025-04-19,17,0.20,0.39,3191.6
2025-04-19,18,69.95,136.81,2972.5
2025-04-19,19,110.39,215.90,3081.7
2025-04-19,20,136.79,267.54,2948.8
2025-04-19,21,173.93,340.18,2882.3
2025-04-19,22,135.80,265.60,3122.3
2025-04-19,23,117.50,229.81,3120.9
2025-04-19,24,100.67,196.89,3215.4
2025-04-20,01,102.50,200.47,3053.2
2025-04-20,02,98.48,192.61,2914.4
2025-04-20,03,96.13,188.01,2846.4
2025-04-20,04,99.07,193.76,2630.0
2025-04-20,05,98.40,192.45,2728.6
2025-04-20,06,97.53,190.75,2679.9
2025-04-20,07,98.18,192.02,2214.2
2025-04-20,08,81.51,159.42,2693.6
2025-04-20,09,10.43,20.40,3070.6
2025-04-20,10,1.04,2.03,2613.4
2025-04-20,11,-1.00,-1.96,2457.7
2025-04-20,12,-40.05,-78.33,2019.7
2025-04-20,13,-100.46,-196.48,2019.8
2025-04-20,14,-100.02,-195.62,1864.5
2025-04-20,15,-63.41,-124.02,1772.8
2025-04-20,16,-8.60,-16.82,1940.5
2025-04-20,17,0.00,0.00,2572.9
2025-04-20,18,65.28,127.68,2221.6
2025-04-20,19,107.21,209.68,2367.6
2025-04-20,20,113.73,222.44,2575.8
2025-04-20,21,139.41,272.66,2396.1
2025-04-20,22,130.50,255.24,2727.7
2025-04-20,23,121.52,237.67,2636.8
2025-04-20,24,111.21,217.51,2805.5
